"날짜","증권사","레포트제목","레포트본문전체","전체요약","1줄 요약","link","파일크기"
"2025-04-08","키움증권","단기 매수 기회로 판단","2025. 4. 8 기업 업데이트 BUY(Maintain) 목표주가 : 260,000원 주가(4/7): 164,800원   시가총액 : 1,199,748억원 반도체  Analyst 박유악 yuak.pak@kiwoom.com  Stock  Data KOSPI (4/7)   2,328.20pt 52주 주가동향   최고가  최저가 241,000원 152,800원 최고/최저가  대비 등락율  -31.6%  7.9% 수익률  절대 상대 1M -14.3%  -5.7% 6M -10.9%  -0.1% 1Y 133.8%  108.5%  Company Data 발행주식수   728,002천주 일평균  거래량 (3M)  4,045천주 외국인  지분율   54.5% 배당수익률 (25E)  0.7% BPS(25E)  139,307원 주요 주주 에스케이스퀘어  외 9인 20.1%  투자지표 (십억원 , IFRS 연결) 2023 2024 2025F 2026F 매출액  32,766  66,193  84,036  91,879 영업이익  -7,730  23,467  34,307  40,266 EBITDA  5,943  36,049  47,219  54,017 세전이익  -11,658  23,885  34,239  40,952 순이익  -9,138  19,797  27,037  31,519 지배주주지분순이익  -9,112  19,789  27,026  31,506 EPS(원) -12,517  27,182  37,123  43,278 증감률 (%YoY ) 적전 흑전 36.6 16.6 PER(배) -11.3 6.4 4.4 3.8 PBR(배) 1.9 1.7 1.2 0.9 EV/EBITDA( 배) 22.0 3.9 3.2 2.4 영업이익률 (%) -23.6 35.5 40.8 43.8 ROE(%)  -15.6 31.1 30.8 26.8 순부채비율 (%) 52.3 20.4 -0.6 -15.2 자료: 키움증권  리서치센터  Price Trend  -60-50-40-30-20-10010203040 050,000100,000150,000200,000250,000300,000 24.04 24.07 24.10 25.01 25.04(%) (원) 수정주가 (좌) 상대수익률 (우)  SK하이닉스  (000660 ) 단기 매수 기회로  판단  1Q25 영업이익  6.7조원, 2Q25  8.0조원으로  기대치  상회 예상. HBM3e 12hi  판매 확 대 및 범용 메모리  업황 회복 때문. SK하이닉스의  현재 주가는  당사가  그 동안 언급해 왔던 AI 관련된  우려들이  상당 부분 반영된  수준. 트럼프  관세 영향으로  인한 컨슈머 디바이스의 수요 감소가  현실화될  수 있지만 , 이는 수 개월의  시차를  두고 나타날  것 이기 때문에 , 단기 호재가  주가 반등으로  이어질  수 있음. '2Q25 HBM  실적 기대치  상 회와 범용 메모리  업황 회복'이 주가 반등의  trigger로써 작용할  것으로  판단함 .  1Q25 영업이익  6.7조원, 기대치  상회 예상 SK하이닉스의  1Q25 실적이 매출액  17.9조원(-9%QoQ)과 영업이익 6.7조원 (-17%QoQ)으로, 당사의  기존 전망치를  상회할  것으로  예상된다 . 고가의 HBM3e 12hi  제품 판매 비중 확대와  분기 후반의  범용 메모리  판매량  호조 가 전사 실적에  긍정적으로  작용할  것으로  판단하기  때문이다 .   DRAM : 영업이익  7.0조원(-8%QoQ)  예상. DRAM  가격 전망치(범용 DRAM -6%QoQ, HBM +4%QoQ) 를 소폭 상향. 출하량 (-8%QoQ )도 관 세에 대비한  재고축적  수요로 인해, 회사 측 가이던스  소폭 상회할  전망   NAND : 영업적자 0.4조원으로, 당사의  기존 전망치  부합 예상. 출하량과 가격 모두 각각 -17%QoQ 와 -16%QoQ  하락할  것으로  판단함  2Q25 영업이익  8.0조원(+19%QoQ)  전망 2Q25 실적은 매출액  20.2조원(+12%QoQ)과 영업이익  8.0조원(+19%QoQ) 을 기록하며 , 당사의  기존 전망치 (영업이익  7.6조원)를 상회할  전망이다 . 'Nvidia향 HBM3e  12hi 제품'의 출하가 본격화되며 , 3Q25 HBM의 bit growth와 ASP가 기대치를 넘어설 것으로 판단하기 때문이다. 범용 DRAM 은 AI PC의 sell-in 판매 확대와  서버 DRAM 성수기  진입 효과로 , +9%QoQ 의 bit growth 와 +3%QoQ 의 ASP 상승을  보일 전망이다 . NAND  부문은  판 매량 회복과  ASP 반등으로  인해, 영업적자가  0.1조원 수준으로  감소할  전망 이다.  투자의견  'BUY' , 목표주가  26만원 유지 당사는  그 동안 1)AI Scaling law 의 한계 봉착, 2)Nvidia의 마진 peak -out 우려, 3)높은 주가 밸류에이션  등을 이유로 , SK하이닉스  주가의  박스권  흐름 을 예상해  왔다. 그러나  현재는 위 우려들이  SK하이닉스의  주가에  상당 부분 반영되었다고  판단한다 . 트럼프  관세 영향으로  인해서  1)인플레이션  확대, 2) 소비 여력 축소, 3)컨슈머  디바이스의 수요 감소가  현실화될  수 있지만  이는 수 개월의  시차를  두고 나타날  것이기  때문에 , 단기적인  호재가  주가의  반등 으로 이어질  수 있는 시점이라고  판단한다 . 이런 관점에서  봤을 때, '1)예상치 를 넘어설  것으로  보이는  2Q25  HBM 실적과  2)회복되고  있는 범용 메모리의 업황'은 주가의  반등 trigger로써 작용할  수 있을 것이다 . SK하이닉스에  대한 목표주가  26만원을  유지하며 , 단기 매수 기회라고  판단한다 . SK하이닉스  (000660)   2025. 4. 8   2   SK하이닉스  연결 실적 추이 및 전망 (단위: 십억원 ) 1Q24  2Q24  3Q24  4Q24  1Q25E  2Q25E  3Q25E  4Q25E  2023 2024 2025E DRAM 출하량  [백만Gb] 16,363  19,799  19,403  20,567  18,922  20,624  21,243  22,305  65,158  76,131  83,094 QoQ/YoY  -15% 21% -2% 6% -8% 9% 3% 5% 14% 17% 9% ASP/Gb [USD]  0.35  0.40  0.46  0.51  0.51  0.53  0.57  0.57  0.24  0.43  0.55 QoQ/YoY  21% 15% 15% 10% 0% 3% 8% 1% -37% 79% 26% Cost/Gb [USD]  0.23  0.22  0.23  0.24  0.26  0.25  0.26  0.27  0.23  0.23  0.26 QoQ/YoY  5% -6% 6% 5% 5% -1% 4% 4% -9% -1% 13% Operating Profits/Gb [USD]  0.12  0.18  0.23  0.26  0.25  0.27  0.30  0.30  0.01  0.20  0.28 OPm/Gb  33% 45% 50% 52% 50% 52% 54% 52% 3% 46% 52% NAND 출하량 [백만1GB]  51,174  49,946  42,454  40,756  33,828  38,225  43,959  43,519  185,053  184,331  159,531 QoQ/YoY  0% -2% -15% -4% -17% 13% 15% -1% 20% 0% -13% ASP/GB [USD]  0.06 0.07 0.09 0.08 0.07 0.07 0.08 0.07 0.04 0.08 0.07 QoQ/YoY  32% 17% 15% -4% -16% 2% 7% -3% -44% 92% -5% Cost/GB [USD]  0.06  0.06  0.07  0.07  0.08  0.07  0.07  0.07  0.07  0.07  0.07 QoQ/YoY  -3% 4% 5% 9% 6% -6% -8% 2% -13% -6% 8% Operating Profits/GB [USD]  0.00  0.01  0.02  0.01  -0.01  0.00  0.01  0.00  -0.03  0.01  0.00 OPm/Gb  5% 15% 22% 12% -12% -3% 12% 7% -76% 14% 2%  매출액  12,430  16,423  17,573  19,767  17,931  20,159  22,412  23,533  32,766  66,193  84,036 QoQ/YoY Growth  10% 32% 7% 12% -9% 12% 11% 5% -27% 102%  27% DRAM  7,585  10,838  12,156  14,641  14,030  15,784  17,196  18,493  20,776  45,221  65,504 NAND  4,352  5,105  4,933  4,707  3,390  3,915  4,719  4,595  9,608  19,096  16,619 매출원가  7,635  8,927  8,402  9,401  9,191  10,099  10,446  11,370  33,299  34,365  41,106 매출원가율  61% 54% 48% 48% 51% 50% 47% 48% 102%  52% 49% 매출총이익  4,795  7,496  9,171  10,366  8,740  10,060  11,966  12,163  -533  31,828  42,929 판매비와관리비  1,909  2,028  2,141  2,283  2,038  2,091  2,192  2,301  7,197  8,361  8,622 영업이익  2,886  5,469  7,030  8,083  6,702  7,969  9,775  9,862  -7,730  23,467  34,307 QoQ/YoY Growth  734% 89% 29% 15% -17% 19% 23% 1% 적자전환  흑자전환  46% DRAM  2,503  4,877  6,017  7,613  6,993  8,146  9,208  9,667  733  21,011  34,012 NAND  218  766  1,085  565  -395  -126  552  310  -7,331  2,633  340 영업이익률  23% 33% 40% 41% 37% 40% 44% 42% -24% 35% 41% DRAM  33% 45% 50% 52% 50% 52% 54% 52% 4% 46% 52% NAND  5% 15% 22% 12% -12% -3% 12% 7% -76% 14% 2% 법인세차감전손익  2,373  5,052  6,879  9,581  7,172  8,105  9,339  9,623  -11,658  23,885  34,239 법인세비용  456  932  1,126  1,575  1,219  1,621  2,148  2,213  -2,520  4,088   7,201 당기순이익  1,917  4,120  5,753  8,006  5,953  6,484  7,191  7,410  -9,138  19,797  27,037 당기순이익률  15% 25% 33% 41% 33% 32% 32% 31% -28% 30% 32% KRW/USD  1,330  1,370  1,359  1,400  1,452  1,455  1,425  1,445  1,315  1,368  1,443 자료: 키움증권  리서치센터   SK하이닉스  (000660)   2025. 4. 8   3   SK하이닉스  연결 실적 전망치  update  (단위: 십억원 ) 1Q25E 2025E 수정전  수정후  증감률  컨센서스  차이 수정전  수정후  증감률 DRAM Bit Growth  -8% -8%      9% 9% ASP/Gb 변화율  -1% 0%      24% 26% NAND Bit Growth  -17% -17%      -11% -13% ASP/Gb 변화율  -16% -16%      -1% -5% 매출액  17,705  17,931  1% 17,317  4% 84,347  84,036  0% DRAM  13,756  14,030  2%    64,410  65,504  2% NAND  3,385  3,390  0%    17,847  16,619  -7% 영업이익  6,251  6,702  7% 6,637  1% 33,402  34,307  3% 영업이익률  35% 37%   38%   40% 41% 당기순이익 5,240  5,953  14% 5,518  8% 26,659  27,037  1% 당기순이익률  30% 33%   32%   32% 32% 자료: FnGuide  컨센서스 , 키움증권  리서치센터  SK하이닉스  12개월 Trailing  P/B Ratio 0100,000200,000300,000 '04 '05 '06 '07 '08 '09 '10 '11 '12 '13 '14 '15 '16 '17 '18 '19 '20 '21 '22 '23 '24 '25(원) SK Hynix 2.1 1.8 1.5 1.2 0.9  자료: 키움증권  리서치센터  SK하이닉스  12개월 Trailing  P/S Ratio 0100,000200,000300,000 '04 '05 '06 '07 '08 '09 '10 '11 '12 '13 '14 '15 '16 '17 '18 '19 '20 '21 '22 '23 '24 '25(원) SK하이닉스 주가 3.4 3.0 2.4 2.0 1.6  자료: 키움증권  리서치센터  SK하이닉스  (000660)   2025. 4. 8   4   SK하이닉스  12개월 Trailing P/B vs. 영업이익 1.9 2.7 2.3 2.0 1.9 0.5 2.2 2.7 2.7 1.2 2.2 2.0 2.4 2.0 0.9 2.0 0.9 1.0 2.0 0.9 2.3 -5.00.05.010.0 0.51.52.53.5 '04 '05 '06 '07 '08 '09 '10 '11 '12 '13 '14 '15 '16 '17 '18 '19 '20 '21 '22 '23 '24 '25(조원) SK하이닉스영업이익 (우) SK하이닉스 T12M P/B (배)  자료: 키움증권  리서치센터  SK하이닉스  12개월 Trailing P/B vs. ROE -60-3003060 0.01.02.03.0 '04 '05 '06 '07 '08 '09 '10 '11 '12 '13 '14 '15 '16 '17 '18 '19 '20 '21 '22 '23 '24 '25(%) SK하이닉스 T12M P/B SK하이닉스 ROE(우)(배) Avg. P/B =1.6+std P/B =2.0 -stdP/B =1.2+2 std P/B =2.4 -2 std P/B =0.8  자료: 키움증권  리서치센터    SK하이닉스  (000660)   2025. 4. 8   5   포괄손익계산서     (단위: 십억원 )  재무상태표     (단위: 십억원 ) 12월 결산, IFRS 연결 2023A  2024A  2025F  2026F  2027F   12월 결산, IFRS 연결 2023A  2024A  2025F  2026F  2027F 매출액  32,766  66,193  84,036  91,879  79,751   유동자산  30,468  42,279  38,655  55,456  75,260 매출원가  33,299  34,365  41,106  42,186  42,821      현금 및 현금성자산  7,587  11,205  10,108  20,470  41,630 매출총이익  -533 31,828  42,929  49,692  36,930      단기금융자산  1,433  3,010  1,415  6,748  11,053 판관비  7,197  8,361  8,622  9,427  8,980      매출채권  및 기타채권  6,942  13,299  11,144  10,758  9,338 영업이익  -7,730  23,467  34,307  40,266  27,950      재고자산  13,481  13,314  14,146  15,466  11,490 EBITDA  5,943  36,049  47,219  54,017  42,684      기타유동자산  1,025  1,451  1,842  2,014  1,749 영업외손익  -3,928  418 -69 686 893  비유동자산  69,862  77,576  83,631  92,342  93,934 이자수익  216 345 280 524 1,015      투자자산   5,809  6,522  6,825  7,339  6,648 이자비용  1,468  1,345  501 316 317     유형자산  52,705  60,157  66,533  75,231  77,916 외환관련이익  1,904  4,221  4,538  2,739  2,377      무형자산  3,835  4,019  3,395  2,894  2,492 외환관련손실  2,222  3,952  4,018  2,616  2,271      기타비유동자산  7,513  6,878  6,878  6,878  6,878 종속 및 관계기업손익  15 -38 0 0 0  자산총계  100,330  119,855  122,286  147,798  169,194 기타 -2,373  1,187  -368 355 89  유동부채  21,008  24,965  13,108  9,193  8,218 법인세차감전이익  -11,658  23,885  34,239  40,952  28,843      매입채무  및 기타채무  7,026  13,386  9,218  6,915  6,002 법인세비용  -2,520  4,088  7,201  9,432  6,644      단기금융부채  11,773  9,150  3,581  2,095  2,056 계속사업순손익  -9,138  19,797  27,037  31,519  22,200      기타유동부채  2,209  2,429  309 183 160 당기순이익  -9,138  19,797  27,037  31,519  22,200   비유동부채  25,819  20,974  7,739  5,172  5,216 지배주주순이익  -9,112  19,789  27,026  31,506  22,191      장기금융부채  25,255  20,146  7,336  4,793  4,837 증감율  및 수익성  (%)          기타비유동부채  564 828 403 379 379 매출액  증감율  -26.6  102.0  27.0  9.3  -13.2   부채총계  46,826  45,940  20,847  14,365  13,433 영업이익  증감율  -213.5  -403.6  46.2  17.4  -30.6   지배지분  53,504  73,903  101,416  133,396  155,715 EBITDA 증감율  -71.6  506.6  31.0  14.4  -21.0      자본금  3,658  3,658  3,658  3,658  3,658 지배주주순이익  증감율  -508.7  -317.2  36.6  16.6  -29.6      자본잉여금  4,373  4,487  4,487  4,487  4,487 EPS 증감율  적전 흑전 36.6  16.6  -29.6      기타자본  -2,269  -2,192  -2,192  -2,192  -2,192 매출총이익율 (%) -1.6  48.1  51.1  54.1  46.3      기타포괄손익누계액  1,014  2,532  4,052  5,560  7,066 영업이익률 (%) -23.6  35.5  40.8  43.8  35.0      이익잉여금  46,729  65,418  91,410  121,883  142,696 EBITDA Margin(%)  18.1  54.5  56.2  58.8  53.5   비지배지분  -1 12 24 37 46 지배주주순이익률 (%) -27.8  29.9  32.2  34.3  27.8   자본총계  53,504  73,916  101,439  133,433  155,760  현금흐름표     (단위: 십억원 )  투자지표     (단위: 원, 배, %) 12월 결산, IFRS 연결 2023A  2024A  2025F  2026F  2027F   12월 결산, IFRS 연결 2023A  2024A  2025F  2026F  2027F 영업활동  현금흐름  4,278  29,796  33,201  40,104  39,706   주당지표 (원)        당기순이익  -9,138  19,797  27,037  31,519  22,200      EPS -12,517  27,182  37,123  43,278  30,482 비현금항목 의 가감 15,033  17,054  18,677  21,317  19,021      BPS 73,495  101,515  139,307  183,236  213,893 유형자산감가상각비  13,121  11,985  12,288  13,250  14,332      CFPS  8,098  50,619  62,793  72,578  56,622 무형자산감가상각비  553 596 624 501 402     DPS 1,200  2,204  1,500  1,500  2,000 지분법평가손익  0 0 0 0 0  주가배수 (배)           기타 1,359  4,473  5,765  7,566  4,287      PER -11.3  6.4  4.4  3.8  5.4 영업활동자산부채증감  794 -5,600  -5,141  -3,558  4,380         PER(최고) -11.5  9.1  6.1 매출채권및기타채권의감소  -1,406  -5,098  2,154  387 1,420         PER(최저) -5.8  4.7  4.6 재고자산의감소  2,288  167 -832 -1,320  3,976      PBR 1.9  1.7  1.2  0.9  0.8 매입채무및기타채무의증가  83 -1,103  -4,168  -2,303  -913        PBR(최고) 2.0  2.4  1.6 기타 -171 434 -2,295  -322 -103        PBR(최저) 1.0  1.3  1.2      기타현금흐름  -2,411  -1,455  -7,372  -9,174  -5,895      PSR 3.1  1.9  1.4  1.3  1.5 투자활동  현금흐름  -7,335  -18,005  -16,490  -26,914  -19,750      PCFR  17.5  3.4  2.6  2.3  2.9 유형자산의  취득 -8,325  -15,946  -19,074  -22,428  -17,578      EV/EBITDA  22.0  3.9  3.2  2.4  2.5 유형자산의  처분 1,540  47 410 480 560  주요비율 (%) 무형자산의  순취득  -454 -697 0 0 0    배당성향 (%,보통주 ,현금) -9.0  7.7  3.8  3.3  6.2 투자자산의감소 (증가) 1,559  -714 -303 -514 691    배당수익률 (%,보통주 ,현금) 0.8  1.3  0.7  0.7  1.0 단기금융자산의감소 (증가) 13 -1,577  1,595  -5,333  -4,305      ROA -8.9  18.0  22.3  23.3  14.0 기타 -1,668  882 882 881 882     ROE -15.6  31.1  30.8  26.8  15.4 재무활동  현금흐름  5,697  -8,704  -16,385  -4,855  -1,624      ROIC  -11.4  25.7  31.2  31.8  21.1 차입금의  증가(감소) 6,969  -7,376  -14,269  -3,226  5  매출채권회전율  5.3  6.5  6.9  8.4  7.9 자본금 , 자본잉여금의  증가(감소) 0 0 0 0 0  재고자산회전율  2.2  4.9  6.1  6.2  5.9 자기주식처분 (취득) 25 94 0 0 0  부채비율  87.5  62.2  20.6  10.8  8.6 배당금지급  -826 -826 -1,520  -1,034  -1,034   순차입금비율  52.3  20.4  -0.6  -15.2  -29.4 기타 -471 -596 -596 -595 -595  이자보상배율  -5.3  17.4  68.4  127.3  88.3 기타현금흐름  -30 530 -1,423  2,027  2,828   총차입금  37,028  29,296  10,917  6,888  6,894 현금 및 현금성자산의  순증가  2,610  3,618  -1,097  10,361  21,160   순차입금  28,007  15,081  -605 -20,329  -45,789 기초현금  및 현금성자산  4,977  7,587  11,205  10,108  20,470   NOPLA T 5,943  36,049  47,219  54,017  42,684 기말현금  및 현금성자산  7,587  11,205  10,108  20,470  41,630   FCF -1,432  10,118  15,992  19,228  23,609 자료: 키움증권  리서치센터  SK하이닉스  (000660)   2025. 4. 8   6   Compliance Notice  당사는  4월 7일 현재 ‘SK하이닉스’ 발행주식을  1% 이상 보유하고  있지 않습니다 .  당사는  동 자료를  기관투자자  또는 제3자에게  사전 제공한  사실이  없습니다 .  동 자료의  금융투자분석사는  자료 작성일  현재 동 자료상에  언급된  기업들의  금융투자상품  및 권리를  보유하고  있지 않습니다 .  동 자료에  게시된  내용들은  본인의  의견을  정확하게  반영하고  있으며 , 외부의  부당한  압력이나  간섭없이  작성되었음을  확인합니다 .  고지사항  본 조사분석자료는  당사의  리서치센터가  신뢰할  수 있는 자료 및 정보로부터  얻은 것이나 , 당사가  그 정확성이나  완전성을  보장할  수 없고, 통지 없이 의 견이 변경될  수 있습니다 .  본 조사분석자료는  유가증권  투자를 위한 정보제공을  목적으로  당사 고객에게  배포되는  참고자료로서 , 유가증권의  종류, 종목, 매매의  구분과  방법 등에 관한 의사결정은  전적으로  투자자  자신의  판단과  책임하에  이루어져야  하며, 당사는  본 자료의  내용에  의거하여  행해진  일제의  투자행위  결과에  대하여 어떠한  책임도  지지 않으며  법적 분쟁에서  증거로  사용 될 수 없습니다 .  본 조사 분석자료를  무단으로  인용, 복제, 전시, 배포, 전송, 편집, 번역, 출판하는  등의 방법으로  저작권을  침해하는  경우에는 관련법에  의하여  민∙형사상 책임을  지게 됩니다 .  투자의견변동내역 (2개년)  목표주가추이 (2개년) 종목명  일자 투자의견  목표주가  목표 가격 대상 시점 괴리율 (%) 050,000100,000150,000200,000250,000300,000 '23/4/08 '24/4/08 '25/4/08수정주가 (원) 목표주가 평균 주가대비  최고 주가대비 SK하이닉스  2023-04-27 BUY(Maintain)  110,000원 6개월 -14.68  0.27 (000660)  2023-05-31 BUY(Maintain)  135,000원 6개월 -15.18  -11.48 2023-07-27 BUY(Maintain)  140,000원 6개월 -12.26  -8.57 2023-08-09 BUY(Maintain)  145,000원 6개월 -18.83  -15.59 2023-09-19 BUY(Maintain)  145,000원 6개월 -17.58  -8.28 2023-11-07 BUY(Maintain)  160,000원 6개월 -18.57  -16.19 2023-11-29 BUY(Maintain)  160,000원 6개월 -18.77  -16.19 2023-12-11 BUY(Maintain)  160,000원 6개월 -10.86  7.44 2024-03-26 Marketperform (Downgrade)  190,000원 6개월 -4.73 -0.84 2024-04-26 Marketperform (Maintain)  180,000원 6개월 2.58 12.50 2024-05-29 Marketperform (Maintain)  200,000원 6개월 10.09  20.50 2024-07-26 Marketperform (Maintain)  200,000원 6개월 7.20 20.50 2024-08-06 BUY(Upgrade)  200,000원 6개월 -2.08 20.50 2024-09-30 BUY(Maintain)  220,000원 6개월 -15.57  -8.64 2024-11-22 BUY(Maintain)  210,000원 6개월 -16.47  -15.67 2024-11-28 BUY(Maintain)  210,000원 6개월 -8.10 7.38 2025-03-27 BUY(Maintain)  260,000원 6개월 -26.39  -20.38 2025-04-08 BUY(Maintain)  260,000원 6개월             *주가는  수정주가를  기준으로  괴리율을  산출하였음 .  SK하이닉스  (000660)   2025. 4. 8   7   투자의견  및 적용기준 기업 적용기준 (6개월)  업종 적용기준 (6개월) Buy(매수) Outperform( 시장수익률  상회) Marketperform( 시장수익률 ) Underperform( 시장수익률  하회) Sell(매도) 시장대비  +20% 이상 주가 상승 예상 시장대비  +10∼+20% 주가 상승 예상 시장대비  +10∼-10% 주가 변동 예상 시장대비  -10∼-20% 주가 하락 예상 시장대비  -20% 이하 주가 하락 예상  Overweight ( 비중확대 ) Neutral (중립) Unde rweight (비중축소 ) 시장대비  +10% 이상 초과수익  예상 시장대비  +10∼-10% 변동 예상 시장대비  -10% 이상 초과하락  예상  투자등급  비율 통계 (2024/04/01~202 5/03/31) 매수 중립 매도 95.90% 4.10% 0.00%                                    SK하이닉스  (000660)   2025. 4. 8   8   BBBBBA A A CCCBBBBBBAAAAAA Feb-20 Oct-20 Dec-21 Aug-22 Dec-23MSCI ESG 종합 등급  MSCI 동종 업체 등급 분포   22%23% 12% 8%16% 10%9% CCC B BB BBB A AA AAA  세부 항목별  점수 및 산업 평균 점수 산업평균  비중 변동 ESG 주요 이슈 가중평균값  5.8  4.8 환경 4.6  3.9 35.0%  ▲0.4 물 부족 6.4  4.8 20.0%  ▲0.7 친환경  기술 관련 기회 2.1  3.9 15.0%   사회 7.3  4.3 30.0%  ▼0.8 인력 자원 개발 7.6  4.2 20.0%  ▼1.1 자원조달  분쟁 6.8  4.9 10.0%   지배구조  5.8  5 35.0%  ▲0.2 기업 지배구조  6.8  5.8   ▼0.4 기업 활동 5.6  5.5   ▲1.2      자료: MSCI, 전자공시시스템 , 키움증권  리서치  ESG 최근 이슈 일자 내용        자료: 키움증권  리서치  MSCI 피어그룹  벤치마크 산업 Peer 주요 5개사 (반도체  & 반도체  장비) 친환경  기술 관련 기회 물 부족 인력 자원 개발 자원조달  분쟁 기업 지배구조  기업 활동 등급 추세 SK hynix Inc.  ● ● ● ● ● ● ● ● ● ● ● ● ● ● ● ● ● ● AA ◀▶ Parade Technologies Ltd  ● ● ● ● ● ● ● ● ● ● ● ● ● ● BB ▲ eMemory Technology Inc  ● ● ● ● ● ● ● ● ● ● ● ● ● ● B ◀▶ Shanghai Fudan Microelectronics Group CO.,LTD.  ● ● ● ● ● ● ● ● ● ● ● ● ● ● ● B HOYUAN Green Energy Co.,Ltd. ● ● ● ● ● ● ● ● N/A ● ● ● B ◀▶ GCL Technology Holdings Limited  ● ● ● ● ● ● ● ● N/A ● ● ● ● ● CCC ▼▼ 4분위 등급 : 최저 4분위 ●  최고 4분위 ● ● ● ● 등급 추세 : 유지 ◀▶  상향 ▲   2등급 이상 상향 ▲▲  하향 ▼  2등급 이상 하향 ▼▼  자료: MSCI , 키움증권  리서치   자료: MSCI, 키움증권  리서치 주1) MSCI ACWI Index 내 반도체 및 반도체  장비 기업 105개 참조 자료: MSCI, 키움증권  리서치","1. 시장 동향:
현재 반도체 시장은 HBM3e 제품의 판매 확대로 긍정적인 성장을 보이고 있으며, 범용 메모리 업황도 회복세에 접어들고 있다. SK하이닉스는 2025년 1분기 영업이익이 6.7조원에 달할 것으로 예상되며, 2분기에는 8.0조원으로 성장할 전망이다. 이러한 실적 개선은 고가의 메모리 제품 수요 증가에 기인하고 있다.

2. 주요 리스크:
트럼프 행정부의 관세 정책이 실물 경제에 부정적인 영향을 미칠 가능성이 있으며, 이는 소비자 전자 기기 수요 감소로 이어질 수 있다. 이로 인해 발생할 수 있는 수요 위축은 반도체 업계에 잠재적인 위험 요소로 작용할 수 있다.

3. 주요 기회:
HBM 제품의 판매 증가와 범용 DRAM 시장의 성장은 SK하이닉스의 성장을 이끄는 주된 기회가 될 수 있다. 특히, AI 관련 제품 및 서버 수요 증가는 중장기적으로 이익을 극대화할 가능성이 높다.

4. 기타 전략적 인사이트:
SK하이닉스의 주가는 현재 AI 관련 우려가 일부 반영된 상태이므로, 단기적인 매수 기회로 판단된다. 향후 하이닉스의 실적 회복세와 함께 메모리 가격 상승이 기대되고 있으며, 이런 관점에서 주가 반등이 가능할 것으로 보인다.","SK하이닉스는 HBM 및 DRAM 시장 회복으로 2025년 2분기에 영업이익이 예상치를 초과할 것으로 보이며, 목표 주가는 26만원으로 유지, 단기 매수 기회를 제시합니다.","https://stock.pstatic.net/stock-research/company/39/20250408_company_256676000.pdf","1193460"
"2025-04-07","DS투자증권","관세 폭풍 속 Silver-lining 찾기","관세 폭풍 속 Silver-lining  찾기   반도체  직접  관세는  피했지만  최종  제품인  IT 기기는  관세  적용 4월 2일(현지시간 ) 관세 발표에서  반도체는  상호관세  제외 품목으로  지정되었지만  최종 제품인  IT 기기에  대한 관 세는 면제되지  않았다 . (*중국산  34%, 대만산  32%, 한국산  25%의 고율 관세를  부과하고 , 미국 수입품  전반에  대 해 10%의 기본 관세를  부과) 중국(총 54%), 인도(총 27%), 베트남 (총 46%), 멕시코  등과 같은 인건비가  저렴한 국가에서  기기 조립이  대부분  이뤄짐을  감안하면 결국 IT 기기 수요 측면에서는  타격이  불가피할  것으로 보인다 . IT 기기에  대한 높은 관세는  제품 가격 상승으로  이어져  소비 심리에  부정적인  영향을  줄 가능성이  높아 보인다 . 중간재인  메모리  반도체는  수급 상황에  따라 시장가가  형성된다 . 관세로  인한 IT 기기 수요 감소 시 가격 하락 압 박이 나타날  수 있다. 또한 미국 정부는  향후 특정 칩에 대한 관세 부과 역시 계획 중이라고  밝혔다 . IT 기기에  대한  높은  관세는  중국  수요  감소로  이어질  것 관세 부담으로  인해 IT 기기를  포함한  중국산  제품의 글로벌  수요가  위축될  가능성이  크며, 특히 미국 시장에서의 가격 경쟁력  약화가 수출 감소로  이어질  수 있다. 수출 감소로  인한 제조업  침체는  결과적으로  내수 소비심리  위 축을 야기할  것이다 . 출하량  기준 글로벌  1위 스마트폰  소비국인  중국은  내수 시장도  가격 민감도가  높아 전반적 인 소비 심리 약화로  이어질  가능성도  존재한다 . 미국 역시 IT 기기 가격 상승으로  인한 영향을  피할 수 없다. 전 자제품 (스마트폰 , PC, 데이터센터  장비 등)은 작년 미국의  두 번째로  큰 수입 품목으로  약 4,860억 달러 규모로  집 계되었다 . 다만 미국은  소비여력이 높고 서버 수요의  비중이  더 커 상대적으로  덜 민감할  것으로  보인다 . 빅테크  기업들의  투자  비용  증가로  AI Capex 지연에  대한  우려도  제기 AI 하드웨어  및 IT 기기에  대한 관세 부과로  인해 빅테크  기업들의  인프라  구축 비용 역시 증가할  전망이다 . 비용 증가는  CSP의 AI Capex 투자 지연 및 규모 축소로  이어질  수 있다. 영향 범위는  아직 불확실하지만  특히 데이터 센터 장비의  가격이  크게 오를 것으로  관측되는  상황이다 . 빅테크의  AI Capex 축소 시 AI 하드웨어  밸류체인의 부정적  영향이  불가피하다 . 4월 3일 Bloomberg 보도로  MSFT의 데이터센터  프로젝트  보류 및 취소 이슈가  재점 화됐다 . 이전에는  오픈AI와의 관계 변화 및 오픈소스  AI의 점유율  확대로  인한 MSFT의 전략 변화로  판단했으나 전반적인  투자전략  재조정이  있는 것으로  파악된다. 고성능만이  살길 , SK하이닉스가  상대적으로  견조할  것 SK하이닉스는  HBM의 이익 기여도가  2025년 기준 45% 이상으로  전망되며  서버 DRAM과 eSSD의 판매비중  역 시 점차 늘려가고  있다. HBM은 장기 공급계약을  체결하고  공급하기  때문에  가격 변동성이  매우 낮다. 서버용 DDR5 역시 수요가  크게 위축되지는  않을 전망이다 . 고성능  제품으로의  포트폴리오  전환이  지속되며  매출 감소 영향이  비교적  적을 것이라는  판단이다 . SK하이닉스는  2024년 기준 미국향  매출 비중이  63%, 삼성전자  반도체  부 문은 29% 미만으로  추정된다 . 중국향  매출 비중은  SK하이닉스  23%, 삼성전자  31% 이상으로 추정된다 . 중국 IT 기기 수요에는  삼성전자가  상대적으로  더 민감하다 . 또한 일반 IT 기기에  주로 탑재되는  범용 DRAM, NAND 매 출 비중 역시 상대적으로  큰 삼성전자가  관세로  인한 수요 감소 영향이  클 것으로  보인다 . [반도체 ] 2025. 04.07 Sector Comment  이수림  반도체  02-709 -2661  surim.lee@ds -sec.co.kr    김진형  연구원  02-709 -2664 jh.kim@ds -sec.co.kr  반도체   2025.04.07  DS INVESTMENT  & SECURIT IES 2 표1  2025/04/02 미 정부 상호관세  발표 내용 국가 반도체  IT 완제품  (스마트폰 , PC, 서버 등) 비고 중국 기본관세  20%  54% (기본관세  20%  + 상호관세  34%)  미국산  완제품에  보복성  부과 한국 기본관세  10%  35% (기본관세  10% + 상호관세  25%)  반도체는  상호관세  제외 품목 지정  자료: DS투자증권  리서치센터  표2  관세로  인한 IT 기기(스마트폰 , PC, 서버 등) 수요 영향 분석 비교 항목 중국 미국 소비시장  규모 (출하량 ) 스마트폰  수요 1위 PC 수요 1위 제품의  가격 민감도  높음 낮음 내수 중심 제품군  중저가  스마트폰  (샤오미 , 화웨이 ) 서버, 프리미엄  스마트폰 관세에  따른 영향 고관세로  인한 미국 시장 내 가격 경쟁력  약화 관세로  인한 기기 가격 상승 및 소비심리  위축 정책적  대응 가능성  보조금 , 자국 생산 장려, 내수 소비 촉진 일부는  소비 축소로  직결  자료: DS투자증권  리서치센터  표3  국내 메모리  업체 지역별  매출 현황 항목 SK하이닉스  삼성전자  DS 부문 미국 매출 비중 63%  29% 미만 추정 중국 매출 비중 23%  31% 이상 추정 직접 관세 영향 없음  없음 전방 수요처  주로 서버·데이터센터  중심 모바일 , 서버 등 다변화 중국 수요 의존도  낮음 상대적으로  높음  자료: DART,  DS투자증권  리서치센터 주) 매출 비중은  2024년 기준  그림1  국가별  스마트폰  출하량  비교  그림2  국내 메모리  업체 지역별  매출 현황   자료: 업계 자료, DS투자증권  리서치센터   자료: DART, DS투자증권  리서치센터   0100200300 중국 미국 인도 유럽 2023 2024(백만대 ) 31% 이상 추정 020406080 SK하이닉스  삼성전자  DS 부문 중국향  매출 비중 미국향  매출 비중 (%) 29%  미만 추정  반도체   2025.04.07  DS INVESTMENT  & SECURIT IES 3                                Compliance Notice 본 자료에  기재된  내용들은  작성자  본인의  의견을  정확하게  반영하고  있으며  외부의  부당한  압력이나  간섭 없이 작성되었음을  확인합니다 . 본 자료는  고객의  증권투자를  돕기 위한 정보제공을  목적으로  제작되었습니다 . 본 자료에  수록된  내용은  당사 리서치센터가  신뢰할  만한 자료 및 정보를  바탕으로  작성한  것 이나, 당사가  그 정확성이나  완전성을  보장할  수 없으므로  참고자료로만  활용하시기  바라며  유가증권  투자 시 투자자  자신의  판단과  책임하에  최종결정을  하시기  바랍니다 . 따라서  본 자료는  어떠한  경우에도  고객의  증권투자  결과에  대한 법적 책임소재의  증빙자료로  사용될  수 없습니다 . 본 자료는  당사의 저작물로서  모든 저작권은  당사에게  있으며  어떠한  경우에도  당사의  동의 없이 복제, 배포, 전송, 변형될  수 없습니다 .  동 자료는  제공시점  현재 기관투자가  또는 제3자에게  사전 제공한  사실이  없습니다 .  동 자료의  추천종목은  전일 기준 현재당사에서  1% 이상 보유하고  있지 않습니다 .  동 자료의  추천종목은  전일 기준 현재 당사의  조사분석  담당자  및 그 배우자  등 관련자가  보유하고  있지 않습니다 .  동 자료의  추천종목에  해당하는  회사는  당사와  계열회사  관계에  있지 않습니다 .","1. 시장 동향:
미국 정부의 새로운 관세 발표로 인해 최종 IT 제품에 대한 고율 관세가 부과되며, 중국, 대만, 한국 등에서 수입되는 IT 기기의 가격 상승이 불가피할 것으로 예상된다. 이는 소비자 심리에 부정적인 영향을 미쳐 수요 감소로 이어질 수 있다. 반면, SK하이닉스와 같은 고성능 메모리 제품은 상대적으로 긍정적인 전망을 보이고 있다.

2. 주요 리스크:
IT 기기 가격 상승에 따른 소비심리 위축과 글로벌 수요 감소가 주요 리스크로 작용할 수 있다. 또한, 특정 반도체 품목에 대한 신규 관세 부과 가능성으로 인해 미국 시장에서의 가격 경쟁력이 약화될 우려도 존재한다.

3. 주요 기회:
SK하이닉스는 HBM과 서버 DRAM 등 고성능 제품에 대한 수요가 지속될 것으로 예상되며, 포트폴리오 전환을 통해 매출 감소를 최소화할 수 있는 기회를 가지고 있다. 반도체 시장에서 고성능 제품에 대한 수요는 지속적으로 증가할 것으로 보인다.

4. 기타 전략적 인사이트:
IT 기기 수요 감소로 인해 가격 하락 압박이 예상되며, 빅테크 기업들의 AI Capex 투자 지연 우려도 커지고 있다. 가격 민감도가 높은 중국 시장에 더욱 큰 영향을 받을 것으로 보이며, 이는 제조업 전반에도 부정적인 영향을 미칠 수 있다.","미국의 신규 관세 조치는 IT 기기의 가격 상승과 소비 심리 위축을 초래할 것으로 보이며, 이에 따라 반도체 수요 및 가격에도 부정적인 영향을 미칠 가능성이 커지고 있다.","https://stock.pstatic.net/stock-research/industry/66/20250407_industry_344523000.pdf","615550"
"2025-04-07","유진투자증권","테크는 불확실성을 피할 수 없어","반도체소부장   임소정 _ 02)368 -6154_ sophie.yim @eugenefn.com 임 소정의 소 부장 한 주 반도체  소부장  위클리  | 2025.0 4.07  <위클리  소부장  주가 코멘트 > 국내 소부장  기업들의  주가는  미국 트럼프  정부의  관세 정책 불확실 성으로 인한 지수 하락(S&P500 ‘20년 3월 이후 최대 주간 하락폭 , NASDAQ 12 월대비  20% 하락, DOW JONES 10% 하락 등) 영향으 로 대부분  하락 마감. 금주 소부장  주가는  본격적인  1분기 실적 발표 시즌을  앞두고  있으 나 매출보다는  관세 정책 영향에  따라 주가 등락폭이  확대될  전망. 특히 9일부터  발효되는  국가별  상호관세에  맞서 많은 국가들의  관세 전쟁 가시화되며  불확실성  지속될  것으로  예상. 주목할  경제 지표: 8일 삼성전자  실적, 10일 미국 3월 FOMC 의사 록 공개, 11일 미국 3월 생산자물가지수   <글로벌  소부장  기업>  AMD , AI 및 범용 컴퓨팅  인프라  기업 ZT시스템  50억달러 (약 7.4조원)에 인수 완료. CPU와 GPU 기반 엔드투엔드  AI 솔루션  제공할  계획  TSMC , 2H25 대만 가오슝  2nm 22 팹에 서 양산 시작. 팹 총 투자금액은  1.5조대 만달러로  총 5개의 초대형  공장 건설 예 정. 5년 내 2.5조달러  규모의  생산 달성 을 목표로 하고 있으며  향후 대만 내 투 자를 지속할  것으로  언급  <금주의  Key Chart: Magnificent 7 Index >   <국내 소부장  기업>  ISC, 450억원 규모 베트남  사업장  신규 투자 결정. 공장 증설과  함께 자동화  설 비 도입 등 스마트  팩토리  구축에  집중  리벨리온 , 일본 도쿄에  첫 해외 법인 설 립 완료하여  일본 데이터센터  시장 공략. 지난해  첫 일본에서  매출 확보  DB글로벌칩 , 휴대폰용  OLED 구동칩  양 산하여  삼성디스플레이에  공급 시작. 지 난 3월 출시된  갤럭시  A26에 적용  자료: CNBC , 유진투자증권  <소부장  영역별  지수 그래프 >  <이외>  인텔-TSMC , 미국 내 인텔의  반도체  생 산시설  공동 운영 합작법인  설립에  대해 잠정 합의 도달. 양사는  JV 구성 후 TSMC가 지분 20%를 확보할  전망  SMIC , 10개의 이외 중국 기업들과  함께 대만 반도체  R&D 인력 빼돌린  혐의로 적발 조사. 대만 구직 플랫폼을  이용해 불법 채용했으며  SSD 저장 기술 등 연구 결과 중국으로  이전한  사실 적발 자료: 유진투자증권   250270290310330350370 25.01 25.02 25.03 25.04(pt)MAG7 Index 70120170220270320370후공정장비 OSAT 후공정소재 후공정부품 전공정장비 전공정소재 전공정부품 팹리스 시설 임소정의  소부장 한 주 정리하기  2_ Eugene Research Center  금주의  KEY CHART 반도체  관세와  데이터센터  증설에  대한 불확실성  맞물리는  시점 미국의  Magnificent 7 지수가  연초대비  24% 하락하며  관세 부과로  인한 불확 실성의  영향을  반영. 엔비디아와  테슬라  주가의  하락폭이  각각 7%(시간외거래 에서 1.8% 추가 하락)와 10%(시간외거래에서  1.8% 추가 하락)를 기록하고 , 메타와  애플 또한 각각 5%와 8% 하락하며  S&P500  지수는  2020년 3월 이후 최대 주간 하락폭  기록을  경신했고 , NASDAQ  지수도  12월대비  20% 하락. 시장의  평가와  달리 백악관은  트럼프의  경제 정책이  주식 시장에  영향을  주는 것이 아니라 , 중국의  DeepSeek 출시 이후 저조한  테크 기업들  실적에 기인한다 고 주장. 트럼프  대통령  또한 상호관세  부과를  통한 미국 경제로의  긍정적  영향 만을 강조하는  가운데  오는 9일부터  미국의  상호관세가  발표, 다수의  국가들이 맞불 관세로  대응할  전망. 중국은  이미 34%의 동일한  세율을  미국에  보복 부과 하겠다고  발표한  바 있으며  캐나다는  자동차에 대한 25% 관세 대응 발표. 백악관  국가경제위원회 (NEC)의 케빈 해싯 위원장에  의하면  50개 이상의  국가들 이 대통령에게  협상 개시를  요청했고 , 물가는  어느 정도 인상될  수 있으나  미국 내 소비자들에게는  큰 영향이  없을 것으로  언급. 하지만  수출 비중이  높은 미국 기업들  입장에서는  보복 관세나  원자재  및 부품 수입가  인상으로  인해 그 비용 을 소비자가에  전가할  수 있기 때문에  미국 소비자들도  아주 자유롭다고  볼 수 는 없다고  판단. 특히 Magnificent 7 기업들의  평균 해외 매출 비중은 50%에 가깝고  나스닥 100 지수 기업들  비중 또한 46%를 기록. 이는 S&P500 지수에  편입된  기업들 의 평균 비중인  28%보다 유난히  높은 수준인  바, 미국 빅테크  기업들은  이외 섹터 기업들에  비해 상당히  긴 기간 관세發 리스크의  영향을  실적과  주가 면에 서 모두 받을 것으로  예상.  임소정의  소부장 한 주 정리하기  Eugene Research Center  _3 도표 1.  Magnificent 7 Index  자료: CNBC,  유진투자증권  도표 2.  Dan Ives: 관세가  기술 산업 10년 후퇴  도표 3.  Bessent: MAGA 가 아닌 MAG7이 문제   자료: CNBC , 유진투자증권   자료: CNBC , 유진투자증권   250270290310330350370 25.01 25.02 25.03 25.04(pt)MAG7 Index 임소정의  소부장 한 주 정리하기  4_ Eugene Research Center  도표 4.  일본 Nikkei  반도체  지수  도표 5.  중국 FactSet 반도체  지수   자료: Bloomberg, 유진투자증권   자료: Bloomberg, 유진투자증권  도표 6.  전공정  기업 주가 지수  도표 7.  후공정  기업 주가 지수   자료: 유진투자증권 주: 2023.01.02=100   자료: 유진투자증권 주: 2023.01.02=100  도표 8.  칩 제조업체  등 이외 기업 주가 지수  도표 9.  전기전자  및 팹 관련 기업 주가 지수   자료: 유진투자증권 주: 2023.01.02=100   자료: 유진투자증권 주: 2023.01.02=100 02,0004,0006,0008,00010,00012,00014,000Nikkei Semiconductor Stock Index 050100150200250FactSet China Semiconductor Index NTR 100130160190220250280 23.01 23.03 23.05 23.07 23.09 23.11 24.01 24.03 24.05 24.07 24.09 24.11 25.01 25.03전공정장비 전공정소재 전공정부품 팹리스 100150200250300350 23.01 23.03 23.05 23.07 23.09 23.11 24.01 24.03 24.05 24.07 24.09 24.11 25.01 25.03후공정장비 OSAT 후공정소재 후공정부품 100120140160180200220 23.01 23.03 23.05 23.07 23.09 23.11 24.01 24.03 24.05 24.07 24.09 24.11 25.01 25.03칩제조 중고장비 자동화부품 100110120130140150160170180 23.01 23.03 23.05 23.07 23.09 23.11 24.01 24.03 24.05 24.07 24.09 24.11 25.01 25.03웨이퍼핸들러 칩유통 전기전자 시설 임소정의  소부장 한 주 정리하기  Eugene Research Center  _5 도표 10.  DDR4 8Gb 가격 추이 차트  도표 11.  DDR5 16Gb 가격 추이 차트   자료: DRAMeXchange , 유진투자증권   자료: DRAMeXchange , 유진투자증권  도표 12.  DRAM 스팟 프리미엄   도표 13.  MLC 64Gb 가격 추이 차트   자료: DRAMeXchange , 유진투자증권   자료: DRAMeXchange, 유진투자증권  도표 14.  DXI 지수  자료: DRAMeXchange , 유진투자증권 1.01.31.61.92.22.5(달러) DDR4 8Gb Spot 3.54.04.55.05.5(달러) DDR5 16Gb -60%-40%-20%0%20%40%60% 1.03.05.0(달러)  8Gb Spot PremiumDDR4 8Gb 고정가 3.73.94.14.34.54.7(달러) MLC 64Gb 16,000 21,000 26,000 31,000 36,000 41,000 46,000 51,000 56,000 61,000 23.1 23.6 23.11 24.4 24.9 25.2(pt) 임소정의  소부장 한 주 정리하기  6_ Eugene Research Center  도표 15.  미국 필라델피아  지수  도표 16.  대만 가권 Electronics 지수   자료: Bloomberg, 유진투자증권   자료: Bloomberg, 유진투자증권  도표 17.  미국 ISM 제조업  지수  도표 18.  중국 ISM 제조업  지수   자료: Bloomberg, 유진투자증권   자료: Bloomberg, 유진투자증권  도표 19.  유리 기판 관련주  전체 주가 지수  도표 20.  유리 기판 영역별  기업 주가 지수   자료: Bloomberg, 유진투자증권   자료: Bloomberg, 유진투자증권  01,0002,0003,0004,0005,0006,0007,000Philadelphia Semicon Index 02004006008001,0001,2001,4001,600TWSE Electronics Index 40455055606570 '10 '12 '14 '16 '18 '20 '22 '24ISM 제조업 PMI(미국) 45505560 '10 '12 '14 '16 '18 '20 '22 '24ISM 제조업 PMI(중국) 100150200250300350 23.01 23.03 23.05 23.07 23.09 23.11 24.01 24.03 24.05 24.07 24.09 24.11 25.01 25.03유리기판 관련주전체 100150200250300350400450 23.01 23.03 23.05 23.07 23.09 23.11 24.01 24.03 24.05 24.07 24.09 24.11 25.01 25.03유리기판 제조 유리기판 장비 유리기판 부품 유리기판 소재 임소정의  소부장 한 주 정리하기  Eugene Research Center  _7 도표 21.  국내 반도체  소부장  업체 주가 동향 및 밸류에이션  주가 시가총액  주가 Performance (%) 밸류에이션 (십억) 1주 1개월 6개월 1년 PER('23P) PER('24F) PSR('24F) [반도체 ] 삼성전자  56,100  332,092  -6.8 3.3 -7.4 -33.6 10.7 11.9 1.0 SK하이닉스  182,200  132,642  -8.6 -5.3 4.7 -0.3 6.1 4.9 1.6 [소재] 솔브레인  174,300  1,356  -9.5 -4.4 -22.0 -44.6 10.8 8.9 1.5 한솔케미칼  112,000  1,270  -7.7 -7.4 -16.5 -45.8 8.8 9.7 1.5 동진쎄미켐  27,550  1,416  -8.2 5.0 -6.9 -43.1 6.9 - - 원익머트리얼즈  18,880  238  -5.2 -2.4 -25.4 -49.7 6.8 5.9 0.7 이엔에프테크놀로지  25,300  361  -1.6 11.2 20.5 -1.0 7.1 - - 이녹스첨단소재  21,700  439  -5.7 -15.9 -18.4 -24.5 5.5 5.8 1.0 솔브레인홀딩스  28,000  587  -5.7 -9.4 -51.8 -56.5 12.7 - - 디엔에프  9,680  112  -4.2 -3.8 -16.3 -61.9 160.4 - - 미코 8,830  295  -2.4 -0.6 -11.0 -27.5 21.6 - - 에스엔에스텍  30,350  651  -7.8 2.0 17.4 -32.0 17.6 - - [부품] 리노공업  186,900  2,849  -4.2 -1.7 -4.4 -28.7 25.7 25.3 - ISC 49,900  1,058  -9.8 -18.9 -15.0 -50.2 27.0 16.9 4.8 티씨케이  84,000  981  0.2 5.4 -8.3 -37.1 11.5 - - 하나머트리얼즈  28,900  572  -10.5  10.1  -7.5  -50.9 14.1 12.0 2.1 월덱스  17,100  282  -8.5  5.5  -12.4  -33.2 4.3 - - 엘오티베큠  8,530  152  -7.8  -7.8  -19.7  -61.2 81.9 - - 지오엘리먼트  7,090  89  -0.4  -4.6  -5.3  -46.0 67.2 - - 메카로  10,380  106  1.3  3.3  33.8  11.4 14.9 - - 대덕전자  14,700  726  -12.3  -14.3  -19.7  -44.8 33.6 13.3 0.7 심텍 18,100  577  -9.7  -2.7  -3.8  -44.5 - 43.9 0.4 원익Q&C 17,690  465  -5.2  0.6  -30.1  -48.1 9.2 8.4 0.5 비씨엔씨  8,540  109  -9.4  -14.1  -38.8  -61.4 - 21.8 1.2 비에이치  12,840  443  -9.8  -15.5  -25.7  -26.9 8.1 5.0 0.2 코미코  56,900  595  -0.4  40.1  -0.7  -24.0 6.8 7.0 0.9 샘씨엔에스  4,190  245  -8.1  -8.3  -34.0  -39.8 65.3 - - 마이크로투나노  5,260  31  -6.9  -11.1  -36.0  -62.4 - - - 티에스이  42,600  471  -8.5  -0.8  -14.5  -31.9 10.4 9.7 1.3 티에프이  16,990  193  -1.8  2.4  -3.2  -52.2 126.3 - - 피엠티  2,720  29  2.1  -3.5  -32.1  -59.5 - - - [장비] 원익IPS 23,050  1,131  -6.5  -5.9  -31.1  -45.2 52.5 16.0 1.2 유진테크  34,450  789  -12.1  -14.3  -8.6  -31.0 11.0 12.0 1.9 주성엔지니어링  36,200  1,711  -6.6  13.5  33.8  -5.7 13.0 13.6 3.4 테스 19,410  384  -10.6  -7.6  13.2  -25.6 6.4 7.5 1.4 오로스테크놀로지  20,450  192  -8.5  -7.9  17.4  -39.5 25.2 14.9 2.8 HPSP 24,900  2,079  -10.6  -2.4  -21.8  -46.7 24.7 - - 이오테크닉스  125,100  1,541  -11.3  0.2  -22.1  -49.0 36.0 21.2 3.6 피에스케이  17,960  520  -14.5  5.0  -21.4  -40.9 6.0 6.7 1.2 제우스  12,800  397  -9.2  -12.1  -1.0  -26.6 8.7 - - 인텍플러스  9,120  117  -3.7  -15.7  -34.9  -74.0 - 27.1 1.0 제너셈  7,270  64  -5.0  -8.8  -10.7  -47.9 9.8 - - 유니셈  6,000  184  -5.8  -7.0  -22.0  -34.9 11.2 7.1 0.7 GST 17,330  319  -8.6  -12.5  3.6  -26.2 6.8 - - 에스티아이  19,920  315  -7.1  5.7  -9.0  -41.9 9.5 6.1 0.7 프로텍  22,000  242  -0.9  -8.5  -29.4  -51.0 9.1 7.8 1.2 한미반도체  65,500  6,328  -14.4  -25.0  -39.0  -51.7 51.9 17.1 7.1 피에스케이홀딩스  36,000  776  -4.9  -7.8  -20.1  -22.3 8.6 8.4 3.4 필옵틱스  31,950  731  -7.5  -19.9  59.8  -2.7 74.5 - - 고영 13,510  928  -3.5  -16.8  27.8  -25.2 25.4 29.8 4.0 자료: 각 사, 유진투자증권  추정  임소정의  소부장 한 주 정리하기  8_ Eugene Research Center  도표 22.  국내 반도체  팹리스  및 OSAT 업체 주가 동향 및 밸류에이션  주가 시가총액  주가 Performance (%) 밸류에이션 (십억) 1주 1개월 6개월 1년 PER('23P) PER('24F) PSR('24F) [파운드리 ] DB하이텍  41,500  1,843  -5.7 2.7 1.8 -5.6 6.0 7.3 1.4 [DSP] 에이디테크놀로지  14,400  194  -8.7 -19.1 -22.2 -64.0 - - - 코아시아  2,980  78  -1.5 -10.2 -42.7 -56.4 - - - 가온칩스  39,400  457  -5.2 -14.0 -7.6 -61.1 59.7 - - [팹리스 ] 텔레칩스  12,950  196  -8.4 -12.0 -8.9 -51.5 - 18.8 0.9 칩스앤미디어  15,710  332  -5.0 -6.4 4.3 -38.8 32.3 32.7 10.7 퀄리타스반도체  12,600  177  -9.7 5.4 7.7 -65.4 - - - 오픈엣지테크놀로지  12,000  263  -5.2 -12.1 -7.7 -55.8 - - 6.8 에이직랜드  27,050  294  -4.9 -14.1 -0.7 -52.0 - 28.2 2.3 파두 10,540  521  -14.0 -28.2 -35.2 -47.6 - 101.6 3.9 제주반도체  12,620  435  -6.0 -11.7 -6.2 -52.7 15.4 - - 에이디테크놀로지  14,400  194  -8.7 -19.1 -22.2 -64.0 - - - 자람테크놀로지  35,550  220  -12.7 -12.4 3.3 -64.2 144.7 - - 피델릭스  1,207  40  -0.9 -9.9 4.1 -35.3 - - - 어보브반도체  9,760  174  -7.3 -16.8 -11.6 -42.6 47.0 - - [OSAT]  하나마이크론  11,300  749  -8.3  9.1  -0.9  -59.1 - 12.3 0.5 SFA반도체  2,855  470  -7.6  -8.9  -22.0  -53.9 55.1 46.8 1.1 두산테스나  24,300  470  -7.3  -15.5  -20.7  -52.8 13.1 - - 네패스  6,930  160  -1.4  -4.3  -20.2  -61.3 - - - LB세미콘  3,135  182  -8.1  -14.1  -24.4  -61.0 - - - 네페스아크  10,390  127  -6.6  -11.2  -24.5  -68.3 - - - 에이엘티  8,600  77  -12.6  -24.5  -13.0  -62.4 36.1 - - 시그네틱스  703  60  -4.7  -12.3  -31.7  -63.4 - - - 윈팩 543  63  -3.0  -20.5  -60.8  -59.5 - - - 에이팩트  2,340  99  -6.4  -5.3  -22.1  -58.2 - - - 아이윈플러스  1,138  37  -7.6  -29.4  42.4  2.5 - - - [시설] 신성이엔지  1,185  244  0.6  -3.2  -28.1  -50.3 - - - 케이엔솔  11,050  144  -6.0  -13.8  -31.1  -43.8 11.8 - - 엑사이엔씨  760  25  3.0  0.8  2.4  -8.8 3.4 - - 로체시스템즈  14,700  225  -7.7  -11.7  -19.5  24.6 21.8 - - 오션브릿지  4,970  50  -5.3  -10.8  -23.1  -59.4 5.3 - - 싸이맥스  10,300  113  -4.5  2.3  -10.4  -44.5 5.7 - - 라온테크  7,870  99  -6.8  -8.6  15.7  -10.1 14.5 - - [웨이퍼 핸들러 ] 싸이맥스  10,300  113  -4.5  2.3  -10.4  -44.5 5.7 - - 라온테크  7,870  99  -6.8  -8.6  15.7  -10.1 14.5 - - [중고 장비] 서플러스글로벌  2,450  91  -2.8  -6.7  -16.7  -36.7 19.2 - - 러셀 1,596  51  -3.9  -8.6  -14.4  -45.5 9.3 - - [자동화 부품] 아진엑스텍  6,670  65  -5.7  -9.5  -18.9  -40.5 188.3 - - 이삭엔지니어링  6,700  56  1.4  -14.3  -23.3  -50.0 - - - [칩 유통] 유니퀘스트  5,230  113  -4.4  -15.4  9.8  -28.0 27.1 - - 미래반도체  10,380  150  -7.7  -12.8  -33.5  -51.0 66.1 17.7 0.3 유니트론텍  5,500  106  1.7  3.8  -1.4  -11.1 4.2 - - [후공정 소재] 덕산하이메탈  3,955  180  -3.3  -2.6  -20.7  -43.2 8.6 - - 엠케이전자  6,770  149  -6.4  -17.7  -14.4  -46.9 - - - 비케이홀딩스  730  14  31.3  8.6  -12.0  -38.2 - - - [전기전자 ] 타이거일렉  10,790  68  -10.0  -17.9  -43.7  -64.0 290.5 - - LX세미콘  51,800  842  -7.5  -17.0  -19.8  -36.8 7.1 5.5 0.4 해성디에스  24,400  415  -10.8  -11.4  -17.3  -55.2 6.8 7.3 0.6 심텍 18,100  577  -9.7  -2.7  -3.8  -44.5 - 43.9 0.4 티엘비  18,530  182  -13.2  -0.2  45.1  -38.4 35.2 11.5 0.9 자료: 각 사, 유진투자증권  추정  임소정의  소부장 한 주 정리하기  Eugene Research Center  _9 Compliance Notice 당사는  자료 작성일  기준으로  지난 3개월 간 해당종목에  대해서  유가증권  발행에  참여한  적이 없습니다 당사는  본 자료 발간일을  기준으로  해당종목의  주식을  1% 이상 보유하고  있지 않습니다 당사는  동 자료를  기관투자가  또는 제3자에게  사전 제공한  사실이  없습니다 조사분석담당자는  자료작성일  현재 동 종목과  관련하여  재산적  이해관계가  없습니다 동 자료에  게재된  내용들은  조사분석담당자  본인의  의견을  정확하게  반영하고  있으며 , 외부의  부당한  압력이나  간섭 없이 작성되었음을  확인합니다 동 자료는  당사의  제작물로서  모든 저작권은  당사에게  있습니다 동 자료는  당사의  동의 없이 어떠한  경우에도  어떠한  형태로든  복제, 배포, 전송, 변형, 대여할  수 없습니다 동 자료에  수록된  내용은  당사 리서치센터가  신뢰할  만한 자료 및 정보로부터  얻어진  것이나 , 당사는  그 정확성이나  완전성을  보장할  수 없습니다 . 따라서 어떠한  경우에도  자료는  고객의  주식투자의  결과에  대한 법적 책임소재에  대한 증빙자료로  사용될  수 없습니다  투자기간  및 투자등급 /투자의견  비율 종목추천  및 업종추천  투자기간 : 12개월  (추천기준일  종가대비  추천종목의  예상 목표수익률을  의미함 ) 당사 투자의견  비율(%) ㆍSTRONG BUY( 매수) 추천기준일  종가대비  +50%이상 0% ㆍBUY(매수) 추천기준일  종가대비  +15%이상 ~ +50%미만 96% ㆍHOLD (중립) 추천기준일  종가대비  -10%이상 ∼ +15%미만 4% ㆍREDUCE (매도) 추천기준일  종가대비  -10%미만 0% (2024.12.31 기준)","1. 시장 동향:
현재 반도체 시장은 미국의 관세 정책과 관련해 큰 불확실성을 겪고 있으며, 이로 인해 주가가 하락하고 있다. S&P500, NASDAQ, DOW JONES 등의 주요 지수가 하락하며, 특히 1분기 실적 발표를 앞두고 관세의 영향이 더 크게 작용할 것으로 예상된다. 국가별 상호관세가 9일부터 발효되면서 추가적인 관세 전쟁이 가시화되고 있다.

2. 주요 리스크:
미국의 관세 정책 변화는 반도체 기업들에게 중대한 리스크 요소로 작용하고 있으며, 많은 국가들이 보복 관세를 부과할 가능성도 있다. 이러한 경제적 불확실성은 특히 수출 비중이 높은 미국의 반도체 기업들에게 부정적인 영향을 미칠 수 있다.

3. 주요 기회:
AI와 범용 컴퓨팅 인프라에 대한 수요 증가가 기업들에게 기회를 제공하고 있다. 예를 들어, AMD는 ZT시스템을 인수하여 AI 솔루션을 강화하고 있으며, TSMC는 2nm 공장 양산을 시작함으로써 향후 생산 능력 증가를 기대할 수 있다. 또한, 국내 기업 ISC는 스마트 팩토리 구축을 통한 생산성을 높이려는 전략을 추진 중이다.

4. 기타 전략적 인사이트:
파트너십과 합작 투자로 위험을 분산할 필요가 있다. 예를 들어, 인텔과 TSMC의 합작 법인 설립이 논의되고 있어 이러한 협업이 경쟁력 강화를 도모할 수 있다. 또한, 글로벌 시장 진출과 투자 확대는 기업들이 지속able 성장을 도모하는 데 중요한 요소로 작용할 것이다.","미국의 관세 정책 불확실성이 반도체 소부장 기업 주가 하락을 초래하며, 매출보다 관세의 영향을 더 받는 상황이 지속될 것으로 예상된다.","https://stock.pstatic.net/stock-research/industry/63/20250407_industry_761526000.pdf","1400861"
"2025-04-04","하나증권","2025년 연간 이익 상향 조정","2025년 4월 4일 I 기업분석 _Earnings Preview 삼성전자  (005930 ) 2025년 연간 이익 상향 조정  1Q25 Preview: 우려대비  선방 삼성전자의  25년 1분기 매출액은  76.4조원(YoY +6%, QoQ +1%), 영업이익은  5.4조원(YoY -19%, QoQ -18%)으로 전망한다 . 영업이익  컨센서스  5.1조원을  소폭 상회할  것으로  추정 한다. 25년 1분기 영업이익이  당초 5조원을  하회할  것이라고  우려되었던  것보다 양호한  이 유는 DRAM 출하량의  선방과  MX 사업부의  플래그십  모델 효과 때문이다 . DRAM 출하량은 당초 가이던스였던  하이싱글  감소를  상회한  것으로  추정되고 , MX 부문은  갤럭시  S25 효과 및 효율적인  원가 운영으로  견조한  수익성을  시현한  것으로  예상된다 . DRAM과 NAND 출하 는 전분기대비  각각 5%, 11% 하락했고 , 가격은  9%, 15% 하락한  것으로  가정한다 . 시스템 반도체  부문이  전분기대비  외형 감소로  인해 적자폭이  확대되었지만 , 그 폭은 시장의  우려 대비 선방할  것으로  예상한다 . 2Q25 이후 반도체  가격 상향 조정 25년 1분기의  메모리  관련 전방산업  수요는  예상대비  견조했던  것으로  파악된다 . 중국의  이 구환신  정책으로  인해 스마트폰  채널 재고의  소진이  확인되고  있고, Deepseek 이후에  관련 수요들의  증가도  지속 언급되고  있다. 아울러  관세를  앞두고  선제적으로  물동량이  증가한 것도 DRAM 출하 감소폭이  당초 예상을  상회한  이유로  보여진다 . 공급이  잘 제한되어  있는 가운데 , 물동량이  증가하며  메모리  가격의  하락이  조기에  마무리될  것으로  전망한다 . DRAM, NAND  모두 25년 2분기부터  가격이  상승 전환할  것으로  가정을  상향했고 , 하반기의 상승폭  역시 기존 전망치를  상회할  것으로  변경했다 . 2025년 메모리  부문의  영업이익은 25.2조원으로  전년대비  34% 증가할  전망이다 . 메모리  부문의  이익 상향으로  인해 전사 영 업이익  역시 36.5조원으로  기존 추정치대비  6% 상향한다 . 다만, 관세 부과로  인해 MX 부 문의 25년 2분기 이후 수익성을  하향 조정한다 . 영업이익  컨센서스  증익으로  방향 전환 예상 삼성전자에  대한 투자의견  ‘BUY’, 목표주가  84,000원을 유지한다 . 메모리  수급 밸런스가  예 상했던  것보다  이른 시기에  안정화되면서  가격 상승 전환 시기가  빨라진  부분이  긍정적이 다. 지난 4분기 실적 발표 이후 삼성전자의  2025년 영업이익  컨센서스는  31조원 내외로  전 년대비  감익이  전망되었다 . 25년 1분기 실적 프리뷰  또는 리뷰를  통해 컨센서스는  상향될 것으로  예상되며 , 전년대비  증익으로  이익의  방향성이  바뀌게  된다. 2025년 영업이익의  상 향으로  인해 주가 역시 상승할  것으로  판단한다 . 아울러  메모리  업황이  호황으로  돌아서게 된다면 , 밸류에이션  또한 동반 상향이  가능하기에  현재 PBR 0.9배는 부담스럽지  않은 주가 수준이다 . 관세 부과로  인한 수요 변수가  부담이긴  하지만 , 하반기  DRAM 수요는  세트 출하 량보다는  대당 컨텐츠  증가가  주역이다 . AI 기능을 탑재한  스마트폰과  PC, AI 서버 확대로 인해 견조한  수요를  확인할  것으로  판단한다 .  BUY (유지)  목표주가 (12M)  84,000원 현재주가 (4.03) 57,600원  Key Data KOSPI 지수 (pt) 2,486.70 52주 최고/최저(원) 87,800/49,900 시가총액 (십억원 ) 340,971.1 시가총액비중 (%) 16.74 발행주식수 (천주) 5,919,637.9 60일 평균 거래량 (천주) 20,237.8 60일 평균 거래대금 (십억원 ) 1,135.3 외국인지분율 (%) 50.70 주요주주  지분율 (%) 삼성생명보험  외 16 인 20.15 국민연금공단  7.75 Consensus Data 2025 2026 매출액 (십억원 ) 320,168.5  343,986.8 영업이익 (십억원 ) 31,686.2  43,897.6 순이익 (십억원 ) 31,013.9  41,578.0 EPS(원) 4,476 6,015 BPS(원) 60,431  65,470  Stock Price  020406080100120 0102030405060708090100 24.3 24.6 24.9 24.12 25.3(천원) 삼성전자 (좌) 상대지수 (우)  Financial Data  (십억원 , %, 배, 원) 투자지표  2023 2024 2025F  2026F 매출액  258,935.5  300,870.9  326,077.8  348,665.0 영업이익  6,567.0  32,726.0  36,465.7  44,632.6 세전이익  11,006.3  37,529.7  40,870.4  47,715.9 순이익  14,473.4  33,621.4  30,746.8  35,896.6 EPS 2,131 4,950 4,559 5,329 증감율  (73.55)  132.29  (7.90) 16.89 PER 36.84 10.75 12.63 10.81 PBR 1.51 0.92 0.94 0.88 EV/EBITDA  9.96 3.60 3.57 3.05 ROE 4.14 9.03 7.64 8.43 BPS 52,002  57,930  61,544  65,434 DPS 1,444 1,446 1,446 1,446   Analyst  김록호  roko.kim@hanafn.com RA 김영규 kyg1019 @hanafn.com     삼성전자  (005930 )   하나증권•2 도표 1. 삼성전자  분기 및 연간 실적 추정(수정 후) (단위: 조원) 1Q24 2Q24 3Q24 4Q24 1Q25F  2Q25F  3Q25F  4Q25F  2023 2024 2025F 매출액   71.9  74.1  79.1  75.8  76.4  75.7  86.2  87.8  258.7  300.9  326.1 YoY 13% 23% 18% 12% 6% 2% 9% 16% -14% 16% 8% QoQ 6% 3% 7% -4% 1% -1% 14% 2% 매출 원가  46.6  44.3  49.1  50.3  52.0  50.4  53.3  53.4  180.3  190.3  209.0 % Sales  65% 60% 62% 66% 68% 67% 62% 61% 70% 63% 64% 판관비   18.7  19.3  20.8  19.0  19.1  18.9  21.5  21.1  71.9  77.8  80.6 % Sales  26% 26% 26% 25% 25% 25% 25% 24% 28% 26% 25% 감가상각비   10.0  10.1  11.1  10.6  11.0  11.2  11.5  11.6  37.2  41.7  45.3 % Sales  14% 14% 14% 14% 14% 15% 13% 13% 14% 14% 14% 영업이익   6.6  10.4  9.2  6.5  5.4  6.4  11.4  13.3  6.6  32.8  36.5 영업이익률 9% 14% 12% 9% 7% 8% 13% 15% 3% 11% 11% YoY 935%  1470%  278%  132%  -19% -39% 24% 104%  -85% 400%  11% QoQ 135%  58% -12% -29% -18% 20% 77% 18% EBITDA   16.6  20.6  20.2  17.1  16.3  17.6  22.9  25.0  43.8  74.5  81.8 % Sales  23% 28% 26% 23% 21% 23% 27% 28% 17% 25% 25% YoY 68% 101%  74% 42% -1% -14% 13% 46% -44% 70% 10% QoQ 37% 24% -2% -15% -5% 8% 30% 9% 세전이익   7.7  11.6  10.3  7.6  6.5  7.5  12.5  14.4  11.0  37.2  40.9 세전이익률  11% 16% 13% 10% 8% 10% 14% 16% 4% 12% 13% 법인세   1.0  1.8  0.2  1.9  1.5  1.7  2.9  3.3  -4.5  4.8  9.4 법인세율  12% 15% 2% 25% 23% 23% 23% 23% -41% 13% 23% 순이익   6.8  9.8  10.1  5.7  5.0  5.8  9.6  11.1  15.5  32.4  31.5 순이익률  9% 13% 13% 7% 7% 8% 11% 13% 6% 11% 10% 자료: 삼성전자 , 하나증권   도표 2. 삼성전자  분기 및 연간 실적 추정(수정 전) (단위: 조원) 1Q24 2Q24 3Q24 4Q24P 1Q25F  2Q25F  3Q25F  4Q25F  2023 2024P 2025F 매출액   71.9  74.1  79.1  75.8  75.7  74.1  84.2  84.8  258.7  300.9  318.8 YoY 13% 23% 18% 12% 5% 0% 6% 12% -14% 16% 6% QoQ 6% 3% 7% -4% -0.1% -2% 14% 1% 매출 원가  46.6  44.3  49.1  50.3  50.9  48.8  52.5  53.3  180.3  190.3  205.5 % Sales  65% 60% 62% 66% 67% 66% 62% 63% 70% 63% 64% 판관비   18.7  19.3  20.8  19.0  18.9  18.5  21.1  20.3  71.9  77.8  78.9 % Sales  26% 26% 26% 25% 25% 25% 25% 24% 28% 26% 25% 감가상각비   10.0  10.1  11.1  10.6  11.0  11.2  11.5  11.6  37.2  41.7  45.3 % Sales  14% 14% 14% 14% 14% 15% 14% 14% 14% 14% 14% 영업이익   6.6  10.4  9.2  6.5  5.9  6.8  10.7  11.1  6.6  32.8  34.5 영업이익률 9% 14% 12% 9% 8% 9% 13% 13% 3% 11% 11% YoY 935%  1470%  278%  132%  -10% -35% 16% 70% -85% 400%  5% QoQ 135%  58% -12% -29% -10% 15% 56% 4% EBITDA   16.6  20.6  20.2  17.1  16.9  18.0  22.2  22.7  43.8  74.5  79.8 % Sales  23% 28% 26% 23% 22% 24% 26% 27% 17% 25% 25% YoY 68% 101%  74% 42% 2% -12% 10% 33% -44% 70% 7% QoQ 37% 24% -2% -15% -2% 7% 23% 3% 세전이익   7.7  11.6  10.3  7.6  7.0  7.9  11.8  12.2  11.0  37.2  38.9 세전이익률  11% 16% 13% 10% 9% 11% 14% 14% 4% 12% 12% 법인세   1.0  1.8  0.2  1.9  1.8  2.0  2.9  3.1  -4.5  4.8  9.7 법인세율  12% 15% 2% 25% 25% 25% 25% 25% -41% 13% 25% 순이익   6.8  9.8  10.1  5.7  5.3  5.9  8.8  9.2  15.5  32.4  29.2 순이익률  9% 13% 13% 7% 7% 8% 10% 11% 6% 11% 9% 자료: 삼성전자 , 하나증권   삼성전자  (005930 )   하나증권•3 도표 3. 사업부문별  실적 전망(수정 후) (단위: 조원) 1Q24 2Q24 3Q24 4Q24 1Q25F  2Q25F  3Q25F  4Q25F  2023 2024 2025F 반도체     매출액   23.1  28.6  29.3  30.1  26.4  28.8  34.4  38.3  66.6  111.1  128.0 영업이익  1.9  6.5  3.86  2.9  0.6  3.3  6.9  9.5  -14.9  15.2  20.3 영업이익률   8% 23% 13% 10% 2% 11% 20% 25% -22% 14% 16% Memory    매출액   17.5  21.7  22.3  23.0  19.7  22.1  26.9  30.5  44.1  84.5  99.1 영업이익  2.4  6.2  5.0  5.1  3.0  4.6  7.6  10.1  -11.4  18.7  25.2 영업이익률   14% 29% 22% 22% 15% 21% 28% 33% -26% 22% 25% DRAM   매출액   9.4  12.0  12.7  13.9  12.5  13.6  15.9  18.6  24.8  48.0  60.7 영업이익  2.0  4.1  3.7  4.8  3.7  4.4  5.9  7.7  -1.0  14.6  21.6 영업이익률   21% 34% 29% 34% 29% 32% 37% 41% -4% 30% 36% NAND   매출액   8.1  9.8  9.6  9.1  7.2  8.4  11.0  11.8  19.3  36.5  38.5 영업이익  0.5  2.1  1.2  0.3  -0.7  0.2  1.7  2.3  -10.3  4.2  3.6 영업이익률   6% 22% 13% 4% -9% 2% 15% 20% -53% 11% 9% non-Memory    매출액   5.7  6.8  7.0  7.1  6.7  6.8  7.5  7.9  22.5  26.6  28.9 영업이익  -0.9  -0.1  -1.4  -2.4  -2.7  -1.6  -0.9  -0.8  -4.5  -4.7  -5.9 영업이익률   -15% -1% -20% -34% -40% -23% -12% -10% -20% -18% -20% 디스플레이     매출액   5.4  7.7  8.0  8.1  6.0  5.9  8.3  9.0  30.8  29.1  29.2 영업이익  0.3  1.0  1.51  0.9  0.4  0.4  1.2  1.0  5.6  3.8  3.0 영업이익률   6% 13% 19% 11% 7% 7% 14% 12% 18% 13% 10% MX/NW     매출액   33.5  27.4  30.5  25.8  34.9  28.4  31.4  28.1  112.4  117.2  122.9 영업이익  3.5  2.2  2.82  2.1  3.6  2.0  2.4  2.2  13.0  10.6  10.2 영업이익률   10% 8% 9% 8% 10% 7% 8% 8% 12% 9% 8% VD/가전   매출액  13.5  14.4  14.1  14.4  14.1  14.4  14.0  14.1  56.4  56.4  56.5 영업이익  0.5  0.5  0.5  0.2  0.5  0.5  0.4  0.2  1.3  1.7  1.5 영업이익률  4% 3% 4% 1% 3% 3% 3% 1% 2% 3% 3% Harman    매출액  3.2  3.6  3.5  3.9  3.5  3.8  4.0  4.2  14.4  14.3  15.5 영업이익  0.2  0.3  0.36  0.4  0.2  0.3  0.4  0.4  1.2  1.3  1.3 영업이익률   7% 9% 10% 10% 7% 7% 10% 9% 8% 9% 9% Total   매출액  71.9  74.1  79.1  75.8  76.4  75.7  86.2  87.8  258.7  300.9  326.1 영업이익  6.6  10.4  9.18  6.5  5.4  6.4  11.4  13.3  6.6  32.8  36.5 영업이익률   9% 14% 12% 9% 7% 8% 13% 15% 3% 11% 11% 자료: 삼성전자 , 하나증권    도표 4. 사업부문별  실적 전망(수정 전) (단위: 조원) 1Q24 2Q24 3Q24 4Q24P 1Q25F  2Q25F 3Q25F  4Q25F  2023 2024P 2025F 반도체     매출액   23.1  28.6  29.3  30.1  26.9  28.5  32.7  35.9  66.6  111.1  123.9 영업이익  1.9  6.5  3.9  2.9  1.5  3.3  5.5  7.0  -14.9  15.2  17.4 영업이익률   8% 23% 13% 10% 6% 12% 17% 20% -22% 14% 14% Memory    매출액   17.5  21.7  22.3  23.0  20.2  21.6  25.1  28.0  44.1  84.5  95.0 영업이익  2.4  6.2  5.0  5.1  3.7  4.2  5.8  7.2  -11.4  18.7  20.9 영업이익률   14% 29% 22% 22% 18% 19% 23% 26% -26% 22% 22% DRAM   매출액   9.4  12.0  12.7  13.9  12.6  13.7  15.5  17.8  24.8  48.0  59.7 영업이익  2.0  4.1  3.7  4.8  4.2  4.5  5.5  6.5  -1.0  14.6  20.7 영업이익률   21% 34% 29% 34% 33% 33% 35% 37% -4% 30% 35% NAND   매출액   8.1  9.8  9.6  9.1  7.6  8.0  9.6  10.1  19.3  36.5  35.4 영업이익  0.5  2.1  1.2  0.3  -0.4  -0.4  0.3  0.7  -10.3  4.2  0.2 영업이익률   6% 22% 13% 4% -6% -5% 4% 7% -53% 11% 1% non-Memory    매출액   5.7  6.8  7.0  7.1  6.6  6.9  7.5  7.9  22.5  26.6  28.9 영업이익  -0.9  -0.1  -1.4  -2.4  -2.4  -1.1  -0.5  -0.4  -4.5  -4.7  -4.4 영업이익률   -15% -1% -20% -34% -37% -15% -7% -5% -20% -18% -15% 디스플레이     매출액   5.4  7.7  8.0  8.1  5.4  5.6  8.3  8.6  30.8  29.1  28.0 영업이익  0.3  1.0  1.51  0.9  0.3  0.5  1.5  1.3  5.6  3.8  3.6 영업이익률   6% 13% 19% 11% 6% 9% 19% 15% 18% 13% 13% MX/NW     매출액   33.5  27.4  30.5  25.8  34.5  27.9  31.3  28.0  112.4  117.2  121.7 영업이익  3.5  2.2  2.82  2.1  3.3  2.2  2.8  2.2  13.0  10.6  10.5 영업이익률   10% 8% 9% 8% 10% 8% 9% 8% 12% 9% 9% VD/가전   매출액  13.5  14.4  14.1  14.4  14.0  14.1  14.0  14.1  56.4  56.4  56.1 영업이익  0.5  0.5  0.5  0.2  0.5  0.4  0.4  0.2  1.3  1.7  1.5 영업이익률   4% 3% 4% 1% 3% 3% 3% 1% 2% 3% 3% Harman    매출액  3.2  3.6  3.5  3.9  3.4  3.7  3.9  4.1  14.4  14.3  15.1 영업이익  0.2  0.3  0.36  0.4  0.2  0.3  0.4  0.4  1.2  1.3  1.3 영업이익률   7% 9% 10% 10% 7% 7% 10% 9% 8% 9% 8% Total   매출액  71.9  74.1  79.1  75.8  75.7  74.1  84.2  84.8  258.7  300.9  318.8 영업이익  6.6  10.4  9.18  6.5  5.9  6.8  10.7  11.1  6.6  32.8  34.5 영업이익률   9% 14% 12% 9% 8% 9% 13% 13% 3% 11% 11% 자료: 삼성전자 , 하나증권    삼성전자  (005930 )   하나증권•4 도표 5. 주요 가정(수정 후) 1Q24 2Q24 3Q24 4Q24 1Q25F  2Q25F  3Q25F  4Q25F  2023 2024 2025F 반도체 DRAM  Shipment(1Gb Eq.)  24,556  25,442  25,440  22,548  21,452  23,086  25,707  28,330  85,128  97,986  98,576 bit growth  -15% 4% 0% -11% -5% 8% 11% 10% 11% 15% 1% ASP ($)  0.29  0.34  0.37  0.44  0.40  0.41  0.44  0.47  0.22  0.36  0.43 QoQ / YoY  19% 19% 7% 20% -9% 2% 7% 7% -44% 61% 20% NAND  Shipment(16Gb Eq.)  46,543  44,833  41,506  40,638  36,207  39,636  47,894  49,401  155,841  173,52 0  173,139 bit growth  -4% -4% -7% -2% -11% 9% 21% 3% 18% 11% 0% ASP ($)  0.13  0.16  0.17  0.16  0.14  0.15  0.16  0.17  0.21  0.18  0.10 QoQ / YoY  31% 22% 7% -5% -15% 8% 10% 5% -46% 62% 1% 디스플레이 Mobile  Shipment(Mn)  91  122  133  148  88  101  140  144  481  494  474 QoQ / YoY  -39% 34% 9% 11% -40% 15% 38% 3% -3% 3% -4% ASP ($)  51.62  54.46  54.15  46.59  53.38  53.58  54.45  55.23  53.27  51.70  54.16 QoQ / YoY  -5% 6% -1% -14% 15% 0% 2% 1% -3% -3% 5% MX/NW Mobile Total  Shipment(Mn)  68  62  66  60  66  62  67  62  256  257  257 QoQ / YoY  11% -9% 6% -9% 10% -7% 8% -6% -13% 0% 0% Smart Phone  Shipment(Mn)  60  54  58  52  58  53  58  54  224  224  224 QoQ / YoY  13% -10% 7% -10% 12% -8% 9% -7% -13% 0% 0% Portion/Total  98% 98% 98% 98% 98% 98% 98% 98% 97% 98% 98% ASP ($)  339.4  278.0  299.0  260.3  334.0  277.1  291.6  276.9  290.4  294.2  294.9 QoQ / YoY  32% -18% 8% -13% 28% -17% 5% -5% 8% 1% 0% VD LCD TV  Shipment(Mn)  8.94  8.94  9.15  10.64  8.88  8.69  9.27  10.74  38  38  38 QoQ / YoY  -15% 0% 2% 16% -17% -2% 7% 16% -5% 0% 0% ASP ($)  608.8  615.5  609.3  578.9  584.6  590.5  584.6  555.4  619.1  602.0  577.6 QoQ / YoY  6% 7% -4% -14% 8% 7% -7% -9% -5% -3% -4% 자료: 삼성전자 , 하나증권               도표 6. 주요 가정(수정 전) 1Q24 2Q24 3Q24 4Q24P 1Q25F  2Q25F  3Q25F  4Q25F  2023 2024P 2025F 반도체 DRAM  Shipment(1Gb Eq.)  24,556  25,442  25,440  22,548  20,942  23,086  25,707  28,330  85,128  97,986  98,065 bit growth  -15% 4% 0% -11% -7% 10% 11% 10% 11% 15% 0% ASP ($)  0.29  0.34  0.37  0.44  0.42  0.42  0.43  0.45  0.22  0.36  0.43 QoQ / YoY  19% 19% 7% 20% -5% 0% 2% 5% -44% 61% 20% NAND  Shipment(16Gb Eq.)  46,54 3  44,833  41,506  40,638  36,207  39,636  47,894  49,401  155,841  173,520  173,139 bit growth  -4% -4% -7% -2% -11% 9% 21% 3% 18% 11% 0% ASP ($)  0.1  0.2  0.2  0.2  0.1  0.1  0.1  0.1  0.10  0.15  0.14 QoQ / YoY  31% 22% 7% -5% -9% -3% 0% 3% -46% 62% -7% 디스플레이 Mobile  Shipment(Mn)  91  122  133  148  88  101  140  144  481  494  474 QoQ / YoY  -39% 34% 9% 11% -40% 15% 38% 3% -3% 3% -4% ASP ($)  51.62  54.46  54.15  46.59  53.38  53.58  54.45  55.23  53.27  51.70  54.16 QoQ / YoY  -5% 6% -1% -14% 15% 0% 2% 1% -3% -3% 5% MX/NW Mobile Total  Shipment(Mn)  68  62  66  60  66  61  66  62  256  257  256 QoQ / YoY  11% -9% 6% -9% 9% -7% 8% -6% -13% 0% 0% Smart Phone  Shipment(Mn)  60  54  58  52  58  53  58  54  224  224  223 QoQ / YoY  13% -10% 7% -10% 11% -8% 9% -7% -13% 0% 0% Portion/Total  98% 98% 98% 98% 98% 98% 98% 98% 97% 98% 98% ASP ($)  339.4  278.0  299.0  260.3  333.9  277.1  291.5  276.9  290.4  294.2  294.9 QoQ / YoY  32% -18% 8% -13% 28% -17% 5% -5% 8% 1% 0% VD LCD TV  Shipment(Mn)  8.94  8.94  9.15  10.64  8.88  8.69  9.27  10.74  38  38  38 QoQ / YoY  -15% 0% 2% 16% -17% -2% 7% 16% -5% 0% 0% ASP ($)  608.8  615.5  609.3  578.9  584.6  590.5  584.6  555.4  619.1   602.0  577.6 QoQ / YoY  6% 7% -4% -14% 8% 7% -7% -9% -5% -3% -4% 자료: 삼성전자 , 하나증권       삼성전자  (005930 )   하나증권•5 도표 7. DRAM 가격 전분기대비  증감률  vs 삼성전자  시가총액   도표 8. DRAM  영업이익  vs 삼성전자  시가총액 -40%-30%-20%-10%0%10%20%30% 0100200300400500600 1Q13 1Q15 1Q17 1Q19 1Q21 1Q23 1Q25Fx 1000삼성전자 시가총액 DRAM 가격전분기대비 증감률 (우)(조원)  -2024681012 0100200300400500600 1Q10 1Q12 1Q14 1Q16 1Q18 1Q20 1Q22 1Q24 x 1000x 1000삼성전자 시가총액 DRAM 영업이익 (우)(조원) (조원)  자료: 삼성전자 , 하나증권  자료: 삼성전자 , 하나증권   도표 9. 한국 수출액  전년대비  증감률  vs 삼성전자  시가총액   도표 10. 삼성전자  스마트폰  지역별 비중 -60%-40%-20%0%20%40%60%80% 200250300350400450500550 19 20 21 22 23 24 25x 1000삼성전자 시가총액 한국반도체수출금액 증감율 (우)(조원)  미국 13% 유럽 23% 중국 1%인도 11%기타 52%  자료: 무역통계 , 하나증권  자료: Counterpoint , 하나증권 주: 2024년 판매량  기준   도표 11. 갤럭시  S 시리즈  출시 후 12개월 판매량  추이  도표 12. 12M Fwd PBR 밴드 0123456 M1 M2 M3 M4 M5 M6 M7 M8 M9M10 M11 M12(백만대 )S10 S20 S21 S22 S23 S24 S25  020,00040,00060,00080,000100,000120,000140,000 15.116.117.118.119.120.121.122.123.124.125.126.1수정주가 1.9x 1.6x 1.4x 1.1x 0.8x(원)  자료: Counterpoint , 하나증권  자료: Wisefn , 하나증권  삼성전자  (005930 )   하나증권•6 추정 재무제표  손익계산서  (단위:십억원 )  대차대조표  (단위:십억원 ) 2023 2024 2025F 2026F 2027F   2023 2024 2025F 2026F 2027F 매출액  258,935.5  300,870.9  326,077.8  348,665.0  368,236.1   유동자산  195,936.6  227,062.3  250,438.4  268,898.5  288,438.5 매출원가  180,388.6  186,562.3  208,970.2  220,568.1  233,361.0      금융자산  92,407.2  112,651.8  117,955.4  127,238.6  138,827.0 매출총이익  78,546.9  114,308.6  117,107.6  128,096.9  134,875.1        현금성자산  69,080.9  53,705.6  49,703.8  54,261.8  61,756.0 판관비  71,979.9  81,582.7  80,641.9  83,464.3  86,385.6      매출채권  36,647.4  43,623.1  50,513.8  54,012.9  57,044.7 영업이익  6,567.0  32,726.0  36,465.7  44,632.6  48,489 .5     재고자산  51,625.9  51,754.9  59,930.1  64,081.4  67,678.4 금융손익  3,454.6  3,717.6  3,952.5  4,316.2  4,813.3      기타유동자산  15,256.1  19,032.5  22,039.1  23,565.6  24,888.4 종속/관계기업손익  887.6 751.0 452.2 (1,232.9)  (2,655.0)   비유동자산  259,969.4  287,469.7  299,858.2  313,354.1  329,285.3 기타영업외손익  97.1 335.1 0.0 0.0 0.0     투자자산  20,680.1  24,348.8  26,337.9  27,347.9  28,223.1 세전이익  11,006.3  37,529.7  40,870.4  47,715.9  50,647.8        금융자산  8,912.7  11,756.7  11,756.7  11,756.7  11,756.7 법인세  (4,480.8)  3,078.4  9,400.2  10,974.7  11,649.0      유형자산 187,256.3  205,945.2  219,362.6  235,017.3  253,400.6 계속사업이익  15,487.1  34,451.4  31,470.2  36,741.2  38,998.8      무형자산  22,741.9  23,738.6  20,720.6  17,551.8  14,224.5 중단사업이익  0.0 0.0 0.0 0.0 0.0     기타비유동자산  29,291.1  33,437.1  33,437.1  33,437.1  33,437.1 당기순이익  15,487.1 34,451.4  31,470.2  36,741.2  38,998.8   자산총계  455,906.0  514,531.9  550,296.5  582,252.6  617,723.8 비지배주주지분  순이익  1,013.7  830.0 723.4 844.6 896.5  유동부채  75,719.5  93,326.3  104,953.3  108,650.0  113,765.7 지배주주순이익  14,473.4  33,621.4  30,746.8  35,896.6  38,102.3      금융부채 8,423.5  15,379.8  15,379.8  13,172.5  13,172.5 지배주주지분포괄이익  17,845.7  50,048.2  30,865.0  36,034.6  38,248.8      매입채무  11,319.8  12,370.2  14,324.2  15,316.4  16,176.1 NOPAT  9,240.5  30,041.6  28,078.6  34,367.1  37,336.9      기타유동부채  55,976.2  65,576.3  75,249.3  80,161.1  84,417.1 EBITDA  45,233.5  75,356.8  81,766.3  92,198.2  98,433.4   비유동부채  16,508.7  19,013.6  21,393.0  22,601.2  23,648.1 성장성 (%)          금융부채  4,262.5  3,950.4  3,950.4  3,950.4  3,950.4 매출액증가율  (14.33)  16.20 8.38 6.93 5.61     기타비유동부채  12,246.2  15,063.2  17,442.6  18,650.8 19,697.7 NOPAT증가율  (82.22)  225.11  (6.53) 22.40 8.64  부채총계  92,228.1  112,339.9  126,346.2  131,251.2  137,413.8 EBITDA증가율  (45.16)  66.60 8.51 12.76 6.76    지배주주지분  353,233.8  391,687.6  412,722.4  438,928.8  467,340.8 영업이익증가율  (84.86)  398.34  11.43 22.40 8.64       자본금  897.5 897.5 897.5 897.5 897.5 (지배주주 )순익증가율  (73.55)  132.30  (8.55) 16.75 6.14       자본잉여금  4,403.9  4,403.9  4,403.9  4,403.9  4,403.9 EPS증가율  (73.55)  132.29  (7.90) 16.89 6.16       자본조정  99.0 (1,724.9)  (1,724.9)  (1,724.9)  (1,724.9) 수익성 (%)            기타포괄이익누계액  1,181.1  17,597.9  17,597.9  17,597.9  17,597.9 매출총이익률  30.33 37.99 35.91 36.74 36.63       이익잉여금  346,652.2  370,513.2  391,547.9  417,754.4  446,166.5 EBITDA이익률  17.47 25.05 25.08 26.44 26.73    비지배주주지분  10,444.1  10,504.5  11,227.9  12,072.5  12,969.1 영업이익률  2.54 10.88 11.18 12.80 13.17  자본총계  363,677.9  402,192.1  423,950.3  451,001.3  480,309.9 계속사업이익률  5.98 11.45 9.65 10.54 10.59  순금융부채  (79,721.3)  (93,321.6)  (98,625.3)  (110,115.7 ) (121,704.1 )  투자지표    현금흐름표  (단위:십억원 ) 2023 2024 2025F 2026F 2027F   2023 2024 2025F 2026F 2027F 주당지표 (원)       영업활동  현금흐름  44,137.4  72,982.6  77,641.5  84,749.0  89,325.8 EPS 2,131 4,950 4,559 5,329 5,657     당기순이익  15,487.1  34,451.4  31,470.2  36,741.2  38,998.8 BPS 52,002  57,930  61,544  65,434  69,653      조정 34,109.0  40,098.8  45,300.6  47,565.7  49,943.9 CFPS 7,656 11,394  12,192  13,505  14,220         감가상각비  38,666.6  42,630.8  45,300.6  47,565.6  49,943.9 EBITDAPS  6,659 11,094  12,125  13,688  14,614         외환거래손익  0.0 0.0 0.0 0.0 0.0 SPS 38,120  44,293  48,354  51,764  54,670         지분법손익  (887.6)  (751.0)  0.0 0.0 0.0 DPS 1,444 1,446 1,446 1,446 1,446        기타 (3,670.0)  (1,781.0)  0.0 0.1 0.0 주가지표 (배)          영업활동  자산부채  변동 (5,458.7)  (1,567.6)  870.7 442.1 383.1 PER 36.84 10.75 12.63 10.81 10.18  투자활동  현금흐름  (16,922.8)  (85,381.7)  (66,994.5)  (65,786.7)  (69,969.4) PBR 1.51 0.92 0.94 0.88 0.83     투자자산감소 (증가) 3,903.8  (2,917.6)  (1,989.1)  (1,010.0)  (875.2) PCFR 10.25 4.67 4.72 4.27 4.05     자본증가 (감소) (57,513.0)  (51,250.2)  (55,700.0)  (60,051.5)  (65,000.0) EV/EBITDA  9.96 3.60 3.57 3.05 2.75     기타 36,686.4  (31,213.9)  (9,305.4)  (4,725.2)  (4,094.2) PSR 2.06 1.20 1.19 1.11 1.05  재무활동  현금흐름  (8,593.1)  (7,797.2)  (9,712.0)  (11,897.5)  (9,690.2) 재무비율 (%)          금융부채증가 (감소) 2,352.7  6,644.2  0.0 (2,207.3)  0.0 ROE 4.14 9.03 7.64 8.43 8.41     자본증가 (감소) 0.0 0.0 0.0 0.0 0.0 ROA 3.20 6.93 5.77 6.34 6.35     기타재무활동  (1,081.3)  (3,552.7)  0.0 0.0 0.0 ROIC 3.96 11.64 10.28 11.98 12.37     배당지급  (9,864.5)  (10,888.7)  (9,712.0)  (9,690.2)  (9,690.2) 부채비율  25.36 27.93 29.80 29.10 28.61  현금의  증감 19,400.2  (15,375.3)  1,103.3  4,558.0  7,494.1 순부채비율  (21.92) (23.20)  (23.26)  (24.42)  (25.34)   Unlevered CFO  52,006.6  77,398.4  82,218.5  90,965.4  95,778.4 이자보상배율 (배) 7.06 36.20 38.62 50.13 57.97  Free Cash Flow  (13,473.9)  21,576.3  21,941.5  24,697.5  24,325.8 자료: 하나증권   삼성전자  (005930 )   하나증권•7                              투자의견  변동 내역 및 목표주가  괴리율 삼성전자  020,00040,00060,00080,000100,000120,000140,000 23.04 23.07 23.10 24.01 24.04 24.07 24.10 25.01 25.04삼성전자 수정TP(원) 날짜 투자의견  목표주가  괴리율 평균 최고/최저 25.1.6  BUY 84,000 24.9.24  BUY 95,000  -40.33%  -31.89% 24.7.8  BUY 117,000  -34.38%  -24.96% 24.4.15  BUY 106,000  -25.83%  -17.83% 24.1.4  BUY 100,000  -24.23%  -14.70% 23.7.28  BUY 95,000  -25.99%  -16.21% 22.9.27  BUY 78,000  -18.73%  -5.90%      Compliance Notice   투자등급  관련사항  및 투자의견  비율공시   본 자료를  작성한  애널리스트 (김록호 )는 자료의  작성과  관련하여  외부의  압력이나  부당 한 간섭을  받지 않았으며 , 본인의  의견을  정확하게  반영하여  신의성실  하게 작성하였 습니다 .  본 자료는  기관투자가  등 제 3자에게  사전 제공한  사실이  없습니다  당사는  2025년 4월 4일 현재 해당회사의  지분을  1%이상 보유 하고 있지 않습니다  본자료를  작성한  애널리스트 (김록호 )는 2025년 4월 4일 현재 해당회사의  유가증권을 보유하고  있지 않습니다    투자의견의  유효기간은  추천일  이후 12개월을  기준으로  적용  기업의  분류 BUY(매수)_목표주가가  현주가  대비 15% 이상 상승 여력 Neutral(중립)_목표주가가  현주가  대비 -15%~15% 등락 Reduce(비중축소 )_목표주가가  현주가  대비 15% 이상 하락 가능  산업의  분류 Overweight( 비중확대 )_업종지수가  현재지수  대비 15% 이상 상승 여력 Neutral(중립)_업종지수가  현재지수  대비 -15%~15% 등락 Underweight (비중축소 )_업종지수가  현재지수  대비 -15%~15% 등락 투자등급  BUY(매수) Neutral(중립) Reduce(매도) 합계 금융투자상품의  비율 94.04%  5.96%  0.00%  100% * 기준일 : 2025년 04월 01일 본 조사자료는  고객의  투자에  정보를  제공할  목적으로  작성되었으며 , 어떠한  경우에도 무 단 복제 및 배포 될 수 없습니다 . 또한 본 자료에  수록된  내용은  당사가  신뢰할  만한 자료 및 정보로  얻어진  것이나 , 그 정확성이나  완전성을  보장할  수 없으므로  투자자  자 신의 판단과  책임하에  최종결정을  하시기  바랍니다 . 따라서  어떠한  경우에도  본 자료는 고객의  주식투자의  결과에  대한 법적 책임소재의  증빙자료로  사용될 수 없습니다 .","1. 시장 동향: 삼성전자의 2025년 1분기 매출액은 76.4조원으로 예상되며, 영업이익은 5.4조원으로 목표치를 소폭 상회할 것으로 보인다. 이윤 상승의 주요 이유는 DRAM 출하량과 MX 부문의 성과로, 특히 갤럭시 S25의 출시 효과가 기대된다. 2분기부터 반도체 가격이 상승할 가능성이 높아, 메모리 부문 영업이익이 전년 대비 34% 증가할 것으로 전망된다.

2. 주요 리스크: 관세 부과로 인해 MX 부문의 수익성이 하향될 수 있는 점이 리스크로 지적된다. 또한 시스템 반도체 부문은 외형 감소로 적자폭이 확대될 위험이 있다.

3. 주요 기회: 메모리 부문 수급 균형이 빨리 안정화되면서 가격 상승 시기가 앞당겨질 가능성이 있다. AI 기능 탑재 스마트폰, PC, AI 서버 확대로 인해 견조한 수요가 기대된다.

4. 기타 전략적 인사이트: 메모리 시장 회복에 따른 밸류에이션 상승 가능성이 있으며, 현재 주가는 부담스럽지 않은 수준으로 평가된다. 주가 상승은 영업이익의 향상과 함께 이루어질 것으로 보인다. 투자 의견은 'BUY'로, 목표주가는 84,000원으로 유지된다.","삼성전자는 2025년 1분기 매출이 76.4조원, 영업이익이 5.4조원으로 예상되며, DRAM 출하량 호조와 MX 사업부의 플래그십 모델 효과로 영업이익 전망이 6% 상향 조정되어 목표주가는 84,000원으로 유지합니다.","https://stock.pstatic.net/stock-research/company/57/20250404_company_233337000.pdf","1042921"
"2025-04-04","SK증권","난 좀 달라","SK하이닉스  (000660/KS ) 난 좀 달라 영업실적  및 투자지표 구분 단위 2022  2023  2024  2025E  2026E  2027E 매출액  십억원  44,622  32,766  66,193  90,549  105,942  103,824 영업이익  십억원  6,809  -7,730  23,467  37,185  46,615  42,568 순이익 (지배주주 ) 십억원  2,230  -9,112  19,789  28,217  35,759  32,577 EPS 원 3,063  -12,517  27,182  38,760  49,120  44,748 PER 배 24.5 -11.3 6.4 5.0 4.0 4.3 PBR 배 0.8 1.8 1.7 1.4 1.0 0.8 EV/EBITDA  배 3.5 21.5 3.9 2.8 1.9 1.5 ROE  % 3.6 -15.6 31.1 32.3 30.4  21.7   Company Data 발행주식수  72,800 만주 시가총액  141,669 십억원 주요주주 에스케이스퀘어 (외7) 20.07% 국민연금공단  7.35%  Stock Data 주가(25/04/03)  194,600 원 KOSPI  2,486.70 pt 52주 최고가  241,000 원 52주 최저가  152,800 원 60일 평균 거래대금  798 십억원 1Q25 영업이익 6.7조원 (-17% QoQ) 의 호실적 예상 SK하이닉스의  1Q25 영업이익은  6.7조원 (-17% QoQ)의 호실적을  기록할 것으로 예상된다 . 비수기에도 불구하고 , AI 인프라 투자 강세 지속에 따른 HBM 및 선단공정 의 견조한 수요와 더불어 이구환신  효과 및 Pull-in 수요 등으로 레거시 수요가 당초 예상을 상회한 것으로 판단하기  때문이다 . 수익성 중심 운영 기조 지속으로  출하는 보 수적 (DRAM -10%, NAND -19%), 가격의 경우 DRAM은 선방 (+1%), NAND 는 예상 수준 (-17%)이었을 것으로 예상한다 . NAND 가격 하락은 높은 기저 속 SSD 단기 부진 국면에 단품 비중이 증가하며  Mix 악화가 영향 영향을 감안했다 .  비수기 및 HBM 출하의 일시적 정체 (-2%)에도 불구하고 , DRAM 영업이익은  7.1조 원 (-6% QoQ)으로 거시경제에 대한 방어력을  재차 증명할 것으로 예상하며 , NAND 영업이익은  QLC SSD 의 견조한 수요를 기반으로  한 Solidigm의 흑자 지속으로 - 0.2조원 (적자전환  QoQ)을 기록하며 경쟁 업체대비  선방할 것으로 판단한다 .  2Q25 영업이익  8.2조원 (+22% QoQ) 전망. 실적 저점 통과 SK하이닉스의  2Q25 영업이익은  8.2조원 (+22% QoQ) 으로 분기 실적의 재차 반 등 국면에 진입할 것으로 전망한다 . HBM의 출하 반등 본격화와  더불어 HBM3e 12H 비중 상승이 동반되고, D5 가격 반등 및 NAND 일부 제품들의  가격 반등이 진행되며 DRAM 증익, NAND 적자 폭 축소가 시작될 것으로 예상하기  때문이다 . 보수적 투자, 2Q25 출하 반등을 통한 재고의 하락 역시 시작될 것으로 전망한다 .  최선호주  유지. HBM 지배력 강화를 통한 실적 차별화 국면 재점화 SK하이닉스에  대해 반도체 업종 내 최선호주  의견을 유지한다 . 관세 등 반도체 수요 관점에서의  리스크 부각 국면이지만, AI 사이클 지속 국면에서  HBM 경쟁 우위 속 M15X를 통한 지배력 강화가 예상되며 , HBM 강세 지속을 통한 업계의 선단공정  공급 부족 지속을 전망하기  때문이다 . SK하이닉스의  실적 차별화는 여전히 진행형이다 . 2025-04-04 주가 및 상대수익률   -13-8-327121722273237 100,000120,000140,000160,000180,000200,000220,000240,000260,000 24.3 24.6 24.9 24.12 25.3SK하이닉스 KOSPI대비상대수익률(원) (%)Analyst 한동희  donghee.han@sks.co.kr 3773 -8826  매수(유지) 목표주가 : 300,000 원(유지) 현재주가: 194,600 원 상승여력 : 54.2%   2  SK하이닉스  분기 연결 실적 추이 및 전망 (단위: 십억원 ) 1Q24 2Q24 3Q2 4 4Q2 4 1Q25E 2Q25E 3Q2 5E 4Q2 5E 2023 2024 2025 E 매출액   12,430  16,423  17,573  19,696  17,770  20,886  24,369  27,524  32,766  66,122  90,549 QoQ %   10%  32%  7% 12% -10%  18% 17% 13% -27%  102%  37% YoY %   144%  125%  94%  74%  43%  27%  39%  40% DRAM   7,596  10,813  12,215  14,374  13,915  16,137  18,544  20,146  20,744  44,998  68,741 NAND   4,362  5,125  4,976  4,641  3,318  4,193  5,289  6,589  9,630  19,103  19,389 영업이익   2,886  5,469  7,030  8,083  6,719  8,223  10,260  11,984  (7,990)  23,468  37,185 QoQ %   734%  89%  29%  15% -17% 22%  25%  17% 적전 흑전 58% YoY %   흑전 흑전 흑전 2236%  133%  50%  46%  48% DRAM   2,546  4,884  6,083  7,530  7,052  8,444  10,204  11,511  611  21,044  37,211 NAND   347  820  1,120  578  (237)  (110)  136  591  (7,585)  2,864  381 지배순이익   1,919  4,120  5,749  8,000  4,987  6,179  7,727  9,325  (8,533)  19,789  28,217 QoQ %   흑전 115%  40%  39%  -38%  24%  25%  21% 적전 흑전 43% YoY %   흑전 흑전 흑전 흑전 160%  50%  34%  17% 영업이익률   23%  33.3%  40%  41%  38%  39%  42%  44%  -24%  35%  41% DRAM   34%  45%  50%  52%  51% 52%  55%  57%  3% 47%  54% NAND   8% 16% 23%  12% -7% -3% 3% 9% -79%  15% 2% 지배순이익률   15%  25%  33%  41%  28%  30%  32%  34%  -26%  30%  31% 자료: 전자공시 , SK증권 추정  SK하이닉스  실적 추정 주요 가정 1Q24 2Q24 3Q2 4 4Q2 4 1Q25E 2Q25E 3Q2 5E 4Q2 5E 2023 2024 2025 E DRAM Shipment (1Gb equiv. mn)  16,693  20,115  19,466  20,645  18,676  21,265  24,656  25,889  66,930  76,919  90,485 QoQ %  -16%  21% -3% 6% -10%  14%  16% 5% 16% 15% 18% ASP ($)  0.34  0.40  0.46  0.50  0.51  0.52  0.52  0.54  0.24  0.43  0.52 QoQ %  20%  15% 16% 10%  1% 2% 0% 4% -37%  80%  21% NAND Shipment (1GB equiv. mn)  48,076  47,114  39,764  37,975  30,760  39,373  50,003  61,504  175,023  172,930  181,639 QoQ %  -1% -2% -16%  -4% -19%  28%  27%  23%  19% -1% 5% ASP ($)  0.07  0.08  0.09  0.09  0.07  0.07  0.07  0.07  0.04  0.08  0.07 QoQ %  30%  17% 14%  -4% -17% -1% 0% 2% -43%  91% -10% 자료: SK증권 추정  SK하이닉스  분기 실적 추이 및 전망   SK하이닉스  연간 실적 추이 및 전망   자료: 전자공시 , SK증권 추정  자료: 전자공시 , SK증권 추정 (100)(50)050 05,00010,00015,00020,00025,00030,000 1Q23 4Q23 3Q24 2Q25E(%) (십억원 )매출액 (좌) 영업이익률 (우) (40)(20)0204060 020,00040,00060,00080,000100,000 2019 2022 2025E(%) (십억원 )매출액 (좌) 영업이익률 (우) 한동희 3  재무상태표   포괄손익계산서 12월 결산(십억원) 2023 2024 2025E 2026E 2027E  12월 결산(십억원) 2023 2024 2025E 2026E 2027E 유동자산  30,468 42,279 48,613 74,936 102,459   매출액 32,766 66,193 90,549 105,942  103,824 현금및현금성자산  7,587 11,205 15,753 38,519 66,753  매출원가  33,299 34,365 41,680 43,436 44,644 매출채권  및 기타채권  6,942 13,299 14,668 14,697 14,403  매출총이익  -533 31,828 48,869 62,506 59,179 재고자산  13,481 13,314 13,762 16,299 15,973  매출총이익률 (%) -1.6 48.1 54.0 59.0 57.0 비유동자산  69,862 77,576 93,250 101,370  104,108   판매비와  관리비 7,197 8,361 11,684 15,891 16,612 장기금융자산  5,845 5,736 6,401 6,802 6,747  영업이익  -7,730 23,467 37,185 46,615 42,568 유형자산  52,705 60,157 73,829 81,561 84,804  영업이익률 (%) -23.6 35.5 41.1 44.0 41.0 무형자산  3,835 4,019 3,441 2,968 2,581  비영업손익  -3,928 418 -1,440 -1,315 -1,300 자산총계  100,330  119,855  141,864  176,306  206,567   순금융손익  -1,252 -1,000 -476 -238 -146 유동부채  21,008 24,965 23,403 25,205 24,763  외환관련손익  -319 269 -1,522 -1,114 -933 단기금융부채  11,968 7,582 5,136 6,009 5,889  관계기업등  투자손익  15 -38 -12 41 15 매입채무  및 기타채무  5,139 9,244 13,911 14,624 14,332  세전계속사업이익  -11,658 23,885 35,745 45,299 41,268 단기충당부채  287 265 369 431 423  세전계속사업이익률 (%) -35.6 36.1 39.5 42.8 39.7 비유동부채  25,819 20,974 17,828 16,203 15,826  계속사업법인세  -2,520 4,088 7,506 9,513 8,666 장기금융부채  22,013 19,617 16,147 14,855 14,505  계속사업이익  -9,138 19,797 28,239 35,786 32,601 장기매입채무  및 기타채무  3,240 529 529 529 499  중단사업이익  0 0 0 0 0 장기충당부채  2 0 0 0 0  *법인세효과  0 0 0 0 0 부채총계  46,826 45,940 41,231 41,409 40,589  당기순이익  -9,138 19,797 28,239 35,786 32,601 지배주주지분  53,504 73,903 100,599  134,837  165,893   순이익률 (%) -27.9 29.9 31.2 33.8 31.4 자본금 3,658 3,658 3,658 3,658 3,658  지배주주  -9,112 19,789 28,217 35,759 32,577 자본잉여금  4,373 4,487 4,487 4,487 4,487  지배주주귀속  순이익률 (%) -27.8 29.9 31.2 33.8 31.4 기타자본구성요소  -2,269 -2,192 -2,192 -2,192 -2,192  비지배주주  -25 8 21 27 24 자기주식  -2,273 -2,221 -2,221 -2,221 -2,221  총포괄이익  -9,037 21,044 28,239 35,786 32,601 이익잉여금  46,729 65,418 92,114 126,352  157,407   지배주주  -9,015 21,033 28,218 35,760 32,577 비지배주주지분  -1 12 34 60 85  비지배주주  -22 11 21 26 24 자본총계  53,504 73,916 100,633  134,898  165,978   EBITDA  5,943 36,049 51,592 62,645 59,161 부채와자본총계  100,330  119,855  141,864  176,306  206,567  현금흐름표   주요투자지표 12월 결산(십억원) 2023 2024 2025E 2026E 2027E  12월 결산(십억원) 2023 2024 2025E 2026E 2027E 영업활동현금흐름  4,278 29,796 41,444 51,210 50,433  성장성 (%) 당기순이익 (손실) -9,138 19,797 28,239 35,786 32,601  매출액 -26.6 102.0 36.8 17.0 -2.0 비현금성항목등  15,033 17,054 21,726 26,576 26,297  영업이익  적전 흑전 58.5 25.4 -8.7 유형자산감가상각비  13,121 11,985 13,829 15,558 16,207  세전계속사업이익  적전 흑전 49.7 26.7 -8.9 무형자산상각비  553 596 578 473 387  EBITDA  -71.6 506.5 43.1 21.4 -5.6 기타 1,359 4,472 7,319 10,545 9,703  EPS 적전 흑전 42.6 26.7 -8.9 운전자본감소 (증가) 794 -5,600 -610 -1,473 275  수익성 (%) 매출채권및기타채권의감소 (증가) -1,406 -5,098 -1,370 -28 294  ROA -8.9 18.0 21.6 22.5 17.0 재고자산의감소 (증가) 2,288 167 -448 -2,537 326  ROE -15.6 31.1 32.3 30.4 21.7 매입채무및기타채무의증가 (감소) 83 -1,103 525 713 -292  EBITDA마진 18.1 54.5 57.0 59.1 57.0 기타 -3,795 -2,007 -15,418 -19,192 -17,407  안정성 (%) 법인세납부  -1,384 -552 -7,506 -9,513 -8,666  유동비율  145.0 169.3 207.7 297.3 413.8 투자활동현금흐름  -7,335 -18,005 -31,091 -25,850 -20,265  부채비율  87.5 62.2 41.0 30.7 24.5 금융자산의감소 (증가) 140 -1,415 -1,008 -585 -0  순차입금 /자기자본  46.7 17.6 1.5 -16.5 -30.6 유형자산의감소 (증가) -6,785 -15,898 -27,500 -23,290 -19,450  EBITDA/이자비용 (배) 4.0 26.8 53.1 183.8 177.3 무형자산의감소 (증가) -454 -697 0 0 0  배당성향  -9.1 7.7 5.4 4.3 4.7 기타 -235 6 -2,584 -1,975 -814  주당지표  (원) 재무활동현금흐름  5,697 -8,704 -7,439 -1,940 -1,992  EPS(계속사업 ) -12,517 27,182 38,760 49,120 44,748 단기금융부채의증가 (감소) 0 0 -2,446 873 -120  BPS 76,616 104,567  141,237  188,267  230,925 장기금융부채의증가 (감소) 6,507 -7,977 -3,471 -1,292 -350  CFPS 6,265 44,464 58,550 71,140 67,541 자본의증가 (감소) 36 115 0 0 0  주당 현금배당금  1,200 2,204 2,204 2,204 2,204 배당금지급  -826 -826 -1,522 -1,522 -1,522  Valuation지표 (배) 기타 -21 -15 -0 0 -0  PER -11.3 6.4 5.0 4.0 4.3 현금의 증가(감소) 2,610 3,618 4,548 22,766 28,234  PBR 1.8 1.7 1.4 1.0 0.8 기초현금  4,977 7,587 11,205 15,753 38,519  PCR 22.6 3.9 3.3 2.7 2.9 기말현금  7,587 11,205 15,753 38,519 66,753  EV/EBITDA  21.5 3.9 2.8 1.9 1.5 FCF -2,507 13,897 13,944 27,920 30,983  배당수익률  0.8 1.3 1.1 1.1 1.1 자료 : SK하이닉스 , SK증권 추정   4  일시 투자의견  목표주가  목표가격 대상시점  괴리율  평균주가대비  최고(최저) 주가대비 2024.10.04  매수 300,000원 6개월  2024.07.16  매수 340,000원 6개월 -47.40%  -35.15% 2024.05.27  매수 280,000원 6개월 -20.57%  -13.93% 2024.04.15  매수 250,000원 6개월 -27.32%  -20.00% 2024.03.14  매수 220,000원 6개월 -19.73%  -14.36% 2024.01.15  매수 190,000원 6개월 -21.94%  -9.53% 2023.07.25  매수 160,000원 6개월 -21.54%  -11.00% 2023.05.31  매수 130,000원 6개월 -11.71%  -8.08% 2023.04.26  매수 110,000원 6개월 -15.16%  0.27%      작성자 (한동희 )는 본 조사분석자료에  게재된  내용들이  본인의  의견을  정확하게  반영하고  있으며 , 외부의  부당한  압력이나  간섭없이  신의성실하게  작성되었음을  확인합니다 . 본 보고서에  언급된  종목의  경우 당사 조사분석담당자는  본인의  담당종목을  보유하고  있지 않습니다 . 본 보고서는  기관투자가  또는 제 3자에게  사전 제공된  사실이  없습니다 . 당사는  자료공표일  현재 해당기업과  관련하여  특별한  이해 관계가  없습니다 . 종목별  투자의견은  다음과  같습니다 . 투자판단  3단계(6개월기준 ) 15%이상 → 매수 / -15%~15% → 중립 / -15%미만 → 매도 SK증권 유니버스  투자등급  비율 (2025년 04월 04일 기준) 매수 97.55%  중립 2.45% 매도 0.00%  050,000100,000150,000200,000250,000300,000350,000400,000 23.04 23.07 23.10 24.01 24.04 24.07 24.10 25.01 25.04SK하이닉스 수정TP(원)","1. 시장 동향:
현재 SK하이닉스는 AI 인프라 투자 증가와 HBM, DRAM, NAND의 견조한 수요 속에서 긍정적인 영업 실적을 보이고 있다. 비수기에도 불구하고 DRAM 및 NAND 출하량 증가와 가격 방어가 실적 개선에 기여하고 있으며, 향후 HBM3e 비중 상승과 NAND 제품 가격 회복이 기대되고 있다.

2. 주요 리스크:
반도체 업종의 가격 변동성과 글로벌 경기 불확실성이 주요 리스크로 부각되고 있다. 특히, 관세 및 정책 변화가 수요에 미치는 영향은 중대한 우려 요소로 작용할 수 있다.

3. 주요 기회:
AI 사이클 지속으로 HBM 수요 증가가 기회로 작용하며, SK하이닉스의 HBM 시장 지배력을 활용해 경쟁 우위를 강화할 수 있다. 향후 HBM과 DRAM에서 가격 반등과 출하 증가가 예상되며, 이는 매출 성장을 지원할 전망이다.

4. 기타 전략적 인사이트:
재고 감소와 투자 효율성을 통해 안정성에 대한 기대감을 높일 필요가 있다. SK하이닉스의 실적 차별화가 지속되고 있어, 적극적인 투자와 함께 장기적인 성장 전략이 필요하다. 목표주가는 300,000원으로 설정하여 잠재적인 상승 여력을 지속적으로 모니터링해야 한다.","SK하이닉스는 2025년 2분기에 영업이익 8.2조원을 기록할 것으로 예상되며, HBM 공급 우위를 통해 반도체 시장에서 실적 차별화가 지속될 전망이다.","https://stock.pstatic.net/stock-research/company/64/20250404_company_598010000.pdf","1205703"
"2025-04-03","SK증권","실적 저점 통과 국면","삼성전자  (005930/KS ) 실적 저점 통과 국면 영업실적  및 투자지표 구분 단위 2022  2023  2024  2025E  2026E  2027E 매출액  십억원  302,231  258,935  300,871  333,261  349,924  339,426 영업이익  십억원  43,377  6,567  32,726  33,196  47,240  42,428 순이익 (지배주주 ) 십억원  54,730  14,473  33,621  28,609  38,629  35,153 EPS 원 8,057  2,131  4,950  4,247  5,735  5,219 PER 배 6.9 36.8 10.7 13.8 10.3 11.3 PBR 배 1.1 1.5 0.9 1.0 0.9 0.8 EV/EBITDA  배 3.4 10.0 3.6 4.1 3.4 3.3 ROE  % 17.1 4.1 9.0 7.1 9.1 7.8   Company Data 발행주식수  591,964 만주 시가총액  348,075 십억원 주요주주 삼성생명보험 (외16) 20.15% 국민연금공단  7.75%  Stock Data 주가(25/04/02)  58,800 원 KOSPI  2,505.86 pt 52주 최고가  87,800 원 52주 최저가  49,900 원 60일 평균 거래대금  1,131 십억원 1Q25 영업이익  5.3조원 (-18% QoQ)으로 선방 예상 삼성전자의  1Q25 연결 영업이익은  5.3조원 (-18% QoQ)으로 시장 우려대비  선방 할 것으로 예상한다 . 이는 D5 수요 강세 지속과 이구환신  및 Pull-in 수요가 동반되며 예상을 상회하는  DRAM 출하와 GS25 출시 효과에 따른 MX의 호조를 예상하기  때 문이다 . HBM3e 재설계에  따른 예정된 HBM 출하 부진은 Mix와 이익 관점에서  부정 적이나  Legacy 출하 증가로 이익을 일부 방어할 것으로 판단한다 . DRAM 대비 Contents  growth 포인트가 상대적으로  부재한 NAND의 경우 출하, 가격 모두 부진 하며 적자 전환할 것으로 보인다. (B/G) DRAM -2%, NAND  -16%, (ASP) DRAM -17%, NAND -17% QoQ , 주요 사업부별 영업이익은  DX 3.9, DS 0.7 , SDC 0.4, Harman 0.3 조원으로  예상한다 . 전사 영업이익의  변수는 비메모리가 될 것이다.  2Q25 영업이익  5.8조원 (+10 % QoQ). 실적 저점 통과 국면 진입 2Q25 연결 영업이익은  5.8조원 (+10 % QoQ)로 분기 실적 반등이 시작될 것으로 전망한다 . GS25 출시 효과의 희석과 비수기 및 경쟁 강도 심화에 따른 SDC의 부진 은 불가피하나, 메모리 출하 반등과 D5 고정가격 상승, NAND 일부 제품의 가격 인상 시작에 따른 메모리 이익 반등으로 방어가 가능할 것으로 판단하기  때문이다 . D4, LPD4 등 Legacy 제품군들의  수익성은  시장의 오해와 달리 여전히 수익권이다 .  Commodity 업황 안정화 및 HBM 강세 지속에 주목 SK증권은 삼성전자에 대해 투자의견  BUY와 목표주가  77,000원을 유지한다 . 1Q25 실적 선방과 더불어 2Q25 Commodity 출하 반등 시작, HBM 수요 강세 속 하반기 HBM3e 재설계 제품의 출하 본격화 시작을 전망한다 . HBM 강세 속 이구환신  및 Pull-in 수요를 활용한 이익 방어와 메모리 재고 하락, HBM 강세에 따른 DRAM 생산 능력 잠식 지속을 고려하면 , 메모리 업황 회복에 대한 기대감은  지속될 것으로 전망한 다. 상호관세  등 대외 변수 불확실성  확대에 따른 수요 단에서의  리스크 부각 국면이나 메모리 공급 제약 사이클의 논리는 여전히 유효하다고 판단한다 . 2025-04-02 주가 및 상대수익률   -40-35-30-25-20-15-10-50510 30,00040,00050,00060,00070,00080,00090,000100,000 24.3 24.6 24.9 24.12 25.3삼성전자 KOSPI대비상대수익률(원) (%)Analyst 한동희  donghee.han@sks.co.kr 3773 -8826  매수(유지) 목표주가 : 77,000 원(유지) 현재주가: 58,800 원 상승여력 : 31.0%    R.A 박제민  jeminwa@sks.co.kr 3777 -8884   2  삼성전자  부문별  실적 추이 및 전망 (단위: 조원) 1Q24  2Q24  3Q24  4Q24  1Q25E  2Q25E  3Q25E  4Q25E  2023  2024  2025E 매출액  71.9  74.1  79.1  75.8  78.2  76.3  87.6  91.1  259.2  301.0  333.3 YoY %  13% 23%  17% 12% 9% 3% 11% 20%  -14%  16% 11% QoQ %  6% 3% 7% -4% 3% -2% 15% 4% DX 47.0  41.8  44.7  40.2  49.5  44.3  48.0  45.8  168.8  173.6  187.5 VD/CE  13.5  14.4  14.1  14.4  13.9  14.9  14.8  15.0  56.4  56.4  58.6 MX/NW  33.5  27.4  30.5  25.8  35.5  29.4  33.2  30.8  112.4  117.2  128.9 DS 23.1  28.6  29.3  30.1  25.8  29.0  34.9  38.9  66.6  111.1  128.6 Memory  17.5  21.7  22.3  23.0  19.1  22.2  27.8  31.5  44.1  84.5  100.6 DRAM  9.7  12.7  13.9  14.6  12.6  14.9  19.4  21.2  26.2  50.9  68.1 NAND  7.0  8.4  8.4  7.7  5.7  6.7  8.3  9.6  16.3  31.5  30.3 Foundry/LSI  5.6  6.8  7.0  7.1  6.8  6.8  7.1  7.4  22.5  26.6  28.1 SDC  5.4  7.7  8.0  8.1  6.5  6.6  7.3  8.0  31.2  29.1  28.4 Harman  3.2  3.6  3.5  3.9  3.7  4.0  3.9  4.2  14.4  14.3  15.9 영업이익  6.5  10.5  9.2  6.5  5.3  5.8  10.0  12.0  6.6  32.7  33.2 YoY %  920%  1476%  249%  140%  -19%  -45%  9% 85%  -85%  393%  1% QoQ %  142%  61% -13%  -29%  -18% 10%  73%  20% DX 4.0  2.7  3.3  2.3  3.9  2.8  3.3  2.8  14.3  12.4  12.7 VD/CE  0.5  0.5  0.5  0.2  0.3  0.5  0.5  0.3  1.3  1.8  1.6 MX/NW  3.5  2.2  2.8  2.1  3.5  2.3  2.8  2.5  13.0  10.7  11.1 DS 1.8  6.5  3.9  2.9  0.7  2.2  5.2  7.4  (15.0)  15.1  15.5 Memory  2.7  6.8  5.6  5.1  3.1  4.3  7.0  8.8  (12.1)  20.2  23.2 DRAM  1.9  5.0  4.6  4.8  3.6  4.7  7.0  8.3  (1.1) 16.4  23.6 NAND  0.9  1.8  0.9  0.3  (0.4)  (0.4)  0.0  0.5  (10.9)  4.0  (0.3) Foundry/LSI  (0.9)  (0.2)  (1.7) (2.2) (2.4)  (2.1) (1.8) (1.3) (2.9) (5.0)  (7.7) SDC  0.3  1.0  1.5  0.9  0.4  0.5  1.1  1.4  5.8  3.8  3.5 Harman  0.2  0.3  0.4  0.4  0.3  0.4  0.4  0.4  1.2  1.3  1.5 영업이익률  9% 14%  12%  9% 7% 8% 11% 13%  3% 11% 10% DX 9% 7% 8% 6% 8% 6% 7% 6% 8% 7% 7% VD/CE  4% 3% 4% 1% 2% 3% 3% 2% 2% 3% 3% MX/NW  10%  8% 9% 8% 10%  8% 8% 8% 12% 9% 9% DS 8% 23%  13%  10%  3% 7% 15%  19%  -23%  14%  12% Memory  16% 31% 25%  22%  16% 19% 25%  28%  -28%  24%  23% DRAM  20%  39%  34%  33%  28%  32%  36%  39%  -4% 32%  35% NAND  13% 21% 11% 4% -7% -5% 0% 5% -67%  13% -1% Foundry/LSI  -16%  -3% -25%  -31%  -36%  -31%  -26%  -18% -13%  -19%  -28% SDC  6% 13%  19%  11% 7% 8% 15%  18%  19%  13%  12% Harman  8% 9% 10%  10%  8% 9% 10%  10%  8% 9% 9% 지배순이익  6.6  9.6  9.8  7.6  5.0  5.3  8.4  9.8  14.5  33.6  28.6 자료: 삼성전자 , SK증권 추정          한동희 3  삼성전자  실적 전망의  주요 가정 1Q24  2Q24  3Q24  4Q24  1Q25E  2Q25E  3Q25E  4Q25E  2023  2024  2025E DRAM Bit shipments (mn, 1Gb Eq.)  26,062  27,735  27,823  24,400  23,989  27,782  32,564  33,619  92,289  106,020  117,954 Bit growth (QoQ %)  -15%  6% 0% -12% -2% 16% 17% 3% 11% 15% 11% ASP (USD)  0.28  0.33  0.36  0.43  0.36  0.37  0.41  0.44  0.22  0.35  0.40 ASP Change (QoQ %)  18% 19% 9% 19% -17% 2% 12% 6% -44%  62%  13% NAND Bit shipments (mn, 8Gb Eq.)  87,967  84,449  78,959  77,538  65,132  78,810  96,936  109,538  288,210  328,914  350,416 Bit growth (QoQ %)  -2% -4% -7% -2% -16%  21% 23%  13% 12% 14%  7% ASP (USD)  0.06  0.07  0.08  0.07  0.06  0.06  0.06  0.06  0.04  0.07  0.06 ASP Change (QoQ %)  32%  20%  7% -7% -17% -2% 1% 3% -46%  62%  -15% Display Shipments (mn Unit)  84  106  109  116  96  105  114  123  381  416  438 Change (QoQ %)  -29%  26%  3% 6% -17% 9% 9% 8% -10%  9% 5% Smartphone Shipments (mn Unit)  60  54  58  53  59  54  58  58  226  225  229 Change (QoQ %)  13% -10%  8% -9% 12% -9% 8% -1% -13%  0% 2% ASP (USD)  336  279  295  260  330  285  302  275  287  293  299 Change (QoQ %)  30%  -17% 6% -12% 27%  -14%  6% -9% 6% 2% 2% 자료: SK증권 추정  삼성전자  분기 실적 추이 및 전망   삼성전자  연간 실적 추이 및 전망   자료: 전자공시 , SK증권 추정  자료: 전자공시 , SK증권 추정           051015 020406080100 1Q23 4Q23 3Q24 2Q25E(%) (조원)매출액 (좌)영업이익률 (우) 051015202530 0100200300400 2017 2019 2021 2023 2025E(%) (조원)매출액 (좌)영업이익률 (우)  4  삼성전자 12M Fwd. P/B 추이  자료: FnGuide,  SK증권                          0 30 ,0 0 0  60 ,0 0 0  90 ,0 0 0  120 ,0 0 0 12/0 1 14/0 1 16/0 1 18/0 1 20 /0 1 22/0 1 24/0 1주가 0 .9 1.1 1.3 1.5 1.7 (원) 한동희 5 재무상태표   포괄손익계산서 12월 결산(십억원) 2023 2024 2025E 2026E 2027E  12월 결산(십억원) 2023 2024 2025E 2026E 2027E 유동자산  195,937  227,062  253,492  244,060  256,237   매출액 258,935  300,871  333,261  349,924  339,426 현금및현금성자산  69,081 53,706 45,436 41,140 59,403  매출원가  180,389  186,562  203,141  209,954  205,353 매출채권  및 기타채권  43,281 53,246 63,536 49,131 47,657  매출총이익  78,547 114,309  130,120  139,970  134,073 재고자산  51,626 51,755 63,206 60,355 58,544  매출총이익률 (%) 30.3 38.0 39.0 40.0 39.5 비유동자산  259,969  287,470  298,783  314,203  325,025   판매비와  관리비 71,980 81,583 96,924 92,730 91,645 장기금융자산  13,818 14,846 15,472 15,658 15,541  영업이익  6,567 32,726 33,196 47,240 42,428 유형자산  187,256  205,945  212,645  226,900  238,678   영업이익률 (%) 2.5 10.9 10.0 13.5 12.5 무형자산  22,742 23,739 22,085 22,307 21,945  비영업손익  4,439 4,804 4,345 3,450 3,700 자산총계  455,906  514,532  552,274  558,263  581,262   순금융손익  3,428 3,915 4,781 690 784 유동부채  75,719 93,326 109,367  90,861 88,266  외환관련손익  -102 -363 -1,529 1,889 2,301 단기금융부채  8,423 15,380 18,496 19,421 18,839  관계기업등  투자손익  888 751 751 900 800 매입채무  및 기타채무  26,644 30,918 71,998 51,841 50,285  세전계속사업이익  11,006 37,530 37,541 50,690 46,128 단기충당부채  6,525 8,216 9,882 10,376 10,064  세전계속사업이익률 (%) 4.3 12.5 11.3 14.5 13.6 비유동부채  16,509 19,014 21,147 15,796 15,104  계속사업법인세  -4,481 3,078 8,259 11,152 10,148 장기금융부채  4,262 3,950 4,148 3,733 3,403  계속사업이익  15,487 34,451 29,282 39,538 35,980 장기매입채무  및 기타채무  5,488 5,510 5,510 5,510 5,510  중단사업이익  0 0 0 0 0 장기충당부채  2,878 3,120 3,752 3,940 3,822  *법인세효과  0 0 0 0 0 부채총계  92,228 112,340  130,514  106,657  103,370   당기순이익  15,487 34,451 29,282 39,538 35,980 지배주주지분  353,234  391,688  410,583  439,519  464,979   순이익률 (%) 6.0 11.5 8.8 11.3 10.6 자본금 898 898 898 898 898  지배주주  14,473 33,621 28,609 38,629 35,153 자본잉여금  4,404 4,404 4,404 4,404 4,404  지배주주귀속  순이익률 (%) 5.6 11.2 8.6 11.0 10.4 기타자본구성요소  99 -1,725 -1,725 -1,725 -1,725  비지배주주  1,014 830 673 909 827 자기주식  0 -1,812 -1,812 -1,812 -1,812  총포괄이익  18,837 51,296 29,282 39,538 35,980 이익잉여금  346,652  370,513  389,408  418,344  443,804   지배주주  17,846 50,048 28,719 38,778 35,288 비지배주주지분  10,444 10,504 11,178 12,087 12,914  비지배주주  992 1,248 563 760 692 자본총계  363,678  402,192  421,760  451,605  477,892   EBITDA  45,234 75,357 74,781 90,693 86,261 부채와자본총계  455,906  514,532  552,274  558,263  581,262  현금흐름표   주요투자지표 12월 결산(십억원) 2023 2024 2025E 2026E 2027E  12월 결산(십억원) 2023 2024 2025E 2026E 2027E 영업활동현금흐름  44,137 72,983 63,280 78,081 77,950  성장성 (%) 당기순이익 (손실) 15,487 34,451 29,282 39,538 35,980  매출액 -14.3 16.2 10.8 5.0 -3.0 비현금성항목등  36,520 42,947 44,357 51,126 50,096  영업이익  -84.9 398.3 1.4 42.3 -10.2 유형자산감가상각비  35,532 39,650 38,801 40,745 41,222  세전계속사업이익  -76.3 241.0 0.0 35.0 -9.0 무형자산상각비  3,134 2,981 2,785 2,708 2,612  EBITDA  -45.2 66.6 -0.8 21.3 -4.9 기타 -2,147 316 2,772 7,673 6,263  EPS -73.6 132.3 -14.2 35.0 -9.0 운전자본감소 (증가) -5,459 -1,568 -6,881 -2,122 1,238  수익성 (%) 매출채권및기타채권의감소 (증가) 236 -3,139 -10,290 14,404 1,474  ROA 3.4 7.1 5.5 7.1 6.3 재고자산의감소 (증가) -3,207 2,541 -11,451 2,852 1,811  ROE 4.1 9.0 7.1 9.1 7.8 매입채무및기타채무의증가 (감소) 1,104 -1,539 10,475 -20,157 -1,555  EBITDA마진 17.5 25.0 22.4 25.9 25.4 기타 -9,031 -9,298 -11,737 -21,613 -19,512  안정성 (%) 법인세납부  -6,621 -6,450 -8,259 -11,152 -10,148  유동비율  258.8 243.3 231.8 268.6 290.3 투자활동현금흐름  -16,923 -85,382 -64,088 -61,752 -49,259  부채비율  25.4 27.9 30.9 23.6 21.6 금융자산의감소 (증가) 44,817 -31,810 -11,938 -5,668 2,295  순차입금 /자기자본  -21.9 -23.2 -22.2 -20.9 -23.3 유형자산의감소 (증가) -57,513 -51,250 -45,500 -55,000 -53,000  EBITDA/이자비용 (배) 48.6 83.4 84.4 177.2 170.0 무형자산의감소 (증가) -2,911 -2,319 -1,131 -2,930 -2,250  배당성향  67.8 29.2 33.9 25.1 27.6 기타 -1,316 -2 -5,519 1,846 3,695  주당지표  (원) 재무활동현금흐름  -8,593 -7,797 -6,399 -9,183 -10,606  EPS(계속사업 ) 2,131 4,950 4,247 5,735 5,219 단기금융부채의증가 (감소) 2,145 5,871 3,117 925 -583  BPS 52,002 57,930 61,226 65,522 69,302 장기금융부채의증가 (감소) -865 -960 198 -415 -330  CFPS 7,823 11,226 10,421 12,186 11,727 자본의증가 (감소) 0 0 0 0 0  주당 현금배당금  1,444 1,446 1,446 1,446 1,446 배당금지급  -9,864 -10,889 -9,713 -9,693 -9,693  Valuation지표 (배) 기타 -9 -1,820 0 -0 0  PER 36.8 10.7 13.8 10.3 11.3 현금의 증가(감소) 19,400 -15,375 -8,270 -4,296 18,263  PBR 1.5 0.9 1.0 0.9 0.8 기초현금  49,681 69,081 53,706 45,436 41,140  PCR 10.0 4.7 5.6 4.8 5.0 기말현금  69,081 53,706 45,436 41,140 59,403  EV/EBITDA  10.0 3.6 4.1 3.4 3.3 FCF -13,376 21,732 17,780 23,081 24,950  배당수익률  1.8 2.7 2.5 2.5 2.5 자료 : 삼성전자 , SK증권 추정   6  일시 투자의견  목표주가  목표가격 대상시점  괴리율  평균주가대비  최고(최저) 주가대비 2025.01.06  매수 77,000원 6개월  2024.10.04  매수 86,000원 6개월 -34.74%  -29.07% 2024.07.16  매수 120,000원 6개월 -38.39%  -27.58% 2024.05.27  매수 105,000원 6개월 -23.35%  -16.38% 2023.07.25  매수 100,000원 6개월 -26.77%  -14.70% 2023.05.31  매수 90,000원 6개월 -20.37%  -18.44% 2023.04.10  매수 80,000원 6개월 -17.42%  -9.63%        작성자 (관리자 )는 본 조사분석자료에  게재된  내용들이  본인의  의견을  정확하게  반영하고  있으며 , 외부의  부당한  압력이나  간섭없이  신의성실하게  작성되었음을  확인합니다 . 본 보고서에  언급된  종목의  경우 당사 조사분석담당자는  본인의  담당종목을  보유하고  있지 않습니다 . 본 보고서는  기관투자가  또는 제 3자에게  사전 제공된  사실이  없습니다 . 당사는  자료공표일  현재 해당기업과  관련하여  특별한  이해 관계가  없습니다 . 종목별  투자의견은  다음과  같습니다 . 투자판단  3단계(6개월기준 ) 15%이상 -> 매수 / -15%~15% -> 중립 / -15%미만 -> 매도 SK증권 유니버스  투자등급  비율 (2025년 04월 03일 기준) 매수 97.55%  중립 2.45% 매도 0.00%  020,00040,00060,00080,000100,000120,000140,000 23.04 23.07 23.10 24.01 24.04 24.07 24.10 25.01 25.04삼성전자 수정TP(원)","1. 시장 동향:
삼성전자는 메모리 반도체에서의 가격 하락과 출하 물량 감소에도 불구하고, D램 및 패키징 요청 수요 강세로 실적 선방을 예고하고 있다. 1분기 예상 영업이익은 5.3조 원으로, DRAM 출하 및 GS25 출시 효과로 인해 예상을 초과할 것으로 보인다. 다만, NAND 부문의 부진이 지속될 전망이다. 

2. 주요 리스크:
NAND 부문에서의 적자 전환과 DRAM, NAND 가격의 QoQ 하락은 주요 리스크 요소로 작용할 수 있다. 또한, 대외 변수에 따른 수요 불확실성 증가가 수익성에 영향을 미칠 수 있다.

3. 주요 기회:
D5 제품군 고정가격 상승과 메모리 재고 하락은 삼성전자의 매출 성장을 견인할 기회로 작용할 것이다. 2분기 실적 반등이 시작될 것으로 예상되며, 다음 연구개발 성과 및 HBM 수요 강세가 성장의 원동력이 될 것이라 판단된다.

4. 기타 전략적 인사이트:
시장에서의 경쟁 심화와 비수기 영향에 따른 SDC 부문 부진은 고려해야 할 요소이다. Commodity 출하가 회복될 경우, 삼성전자의 메모리 사업 부문은 안정성을 보일 가능성이 높아 보인다. 목표 주가는 77,000원으로 제시되며, 상승 여력은 31%로 평가되었다.","삼성전자는 1Q25 연결 영업이익 5.3조원(-18% QoQ) 예상으로 실적 저점을 통과하고 있으며, 목표주가는 77,000원을 유지, 메모리 및 HBM 시장에서의 성장 기대감이 높아 투자 의견은 '매수'로 유지한다.","https://stock.pstatic.net/stock-research/company/31/20250403_company_277023000.pdf","1308939"
